카탈로그,필드,원본,Sprite,상태
"Assets/Art/Backgrounds/EnvironmentArtCatalog.asset","distantView","Assets/Art/Backgrounds/distant_view.png","distant_view","Unity 참조 확인"
"Assets/Art/Backgrounds/EnvironmentArtCatalog.asset","clouds","Assets/Art/Backgrounds/clouds.png","clouds","Unity 참조 확인"
"Assets/Art/Backgrounds/EnvironmentArtCatalog.asset","underground","Assets/Art/Backgrounds/underground.png","underground","Unity 참조 확인"
"Assets/Art/Backgrounds/EnvironmentArtCatalog.asset","daySky","Assets/Art/Backgrounds/day_sky.aseprite","day_sky","Unity 참조 확인"
"Assets/Art/Backgrounds/EnvironmentArtCatalog.asset","dayRearClouds","Assets/Art/Backgrounds/day_rear_clouds.aseprite","day_rear_clouds","Unity 참조 확인"
"Assets/Art/Backgrounds/EnvironmentArtCatalog.asset","dayMountains","Assets/Art/Backgrounds/day_mountains.aseprite","day_mountains","Unity 참조 확인"
"Assets/Art/Backgrounds/EnvironmentArtCatalog.asset","dayFrontClouds","Assets/Art/Backgrounds/day_front_clouds.aseprite","day_front_clouds","Unity 참조 확인"
"Assets/Art/Backgrounds/EnvironmentArtCatalog.asset","sun","Assets/Art/Backgrounds/sun.aseprite","sun","Unity 참조 확인"
"Assets/Art/Backgrounds/EnvironmentArtCatalog.asset","nightSky","Assets/Art/Backgrounds/night_sky.aseprite","night_sky","Unity 참조 확인"
"Assets/Art/Backgrounds/EnvironmentArtCatalog.asset","nightRearClouds","Assets/Art/Backgrounds/night_rear_clouds.aseprite","night_rear_clouds","Unity 참조 확인"
"Assets/Art/Backgrounds/EnvironmentArtCatalog.asset","nightMountains","Assets/Art/Backgrounds/night_mountains.aseprite","night_mountains","Unity 참조 확인"
"Assets/Art/Backgrounds/EnvironmentArtCatalog.asset","nightFrontClouds","Assets/Art/Backgrounds/night_front_clouds.aseprite","night_front_clouds","Unity 참조 확인"
"Assets/Art/Backgrounds/EnvironmentArtCatalog.asset","moon","Assets/Art/Backgrounds/moon.aseprite","moon","Unity 참조 확인"
"Assets/Art/Backgrounds/EnvironmentArtCatalog.asset","titleBackground","Assets/Art/Backgrounds/keyvisual-day.png","keyvisual-day","Unity 참조 확인"
"Assets/Art/Backgrounds/EnvironmentArtCatalog.asset","titleFrames.Array.data[0]","Assets/Art/Backgrounds/title.aseprite","Frame_0","Unity 참조 확인"
"Assets/Art/Backgrounds/EnvironmentArtCatalog.asset","titleFrames.Array.data[1]","Assets/Art/Backgrounds/title.aseprite","Frame_1","Unity 참조 확인"
"Assets/Art/Backgrounds/EnvironmentArtCatalog.asset","titleFrames.Array.data[2]","Assets/Art/Backgrounds/title.aseprite","Frame_2","Unity 참조 확인"
"Assets/Art/Backgrounds/EnvironmentArtCatalog.asset","titleFrames.Array.data[3]","Assets/Art/Backgrounds/title.aseprite","Frame_3","Unity 참조 확인"
"Assets/Art/Backgrounds/EnvironmentArtCatalog.asset","titleFrames.Array.data[4]","Assets/Art/Backgrounds/title.aseprite","Frame_4","Unity 참조 확인"
"Assets/Art/Backgrounds/EnvironmentArtCatalog.asset","titleFrames.Array.data[5]","Assets/Art/Backgrounds/title.aseprite","Frame_5","Unity 참조 확인"
"Assets/Art/Backgrounds/EnvironmentArtCatalog.asset","titleFrames.Array.data[6]","Assets/Art/Backgrounds/title.aseprite","Frame_6","Unity 참조 확인"
"Assets/Art/Backgrounds/EnvironmentArtCatalog.asset","titleFrames.Array.data[7]","Assets/Art/Backgrounds/title.aseprite","Frame_7","Unity 참조 확인"
"Assets/Art/Backgrounds/EnvironmentArtCatalog.asset","titleFrames.Array.data[8]","Assets/Art/Backgrounds/title.aseprite","Frame_8","Unity 참조 확인"
"Assets/Art/Backgrounds/EnvironmentArtCatalog.asset","titleFrames.Array.data[9]","Assets/Art/Backgrounds/title.aseprite","Frame_9","Unity 참조 확인"
"Assets/Art/Items/ItemArtCatalog.asset","entries.Array.data[0].sprite","Assets/Art/Items/straw_helm.aseprite","straw_helm","Unity 참조 확인"
"Assets/Art/Items/ItemArtCatalog.asset","entries.Array.data[1].sprite","Assets/Art/Items/straw_armor.aseprite","straw_armor","Unity 참조 확인"
"Assets/Art/Items/ItemArtCatalog.asset","entries.Array.data[2].sprite","Assets/Art/Items/straw_boots.aseprite","straw_boots","Unity 참조 확인"
"Assets/Art/Items/ItemArtCatalog.asset","entries.Array.data[3].sprite","Assets/Art/Items/iron_helm.aseprite","iron_helm","Unity 참조 확인"
"Assets/Art/Items/ItemArtCatalog.asset","entries.Array.data[4].sprite","Assets/Art/Items/iron_armor.aseprite","iron_armor","Unity 참조 확인"
"Assets/Art/Items/ItemArtCatalog.asset","entries.Array.data[5].sprite","Assets/Art/Items/iron_boots.aseprite","iron_boots","Unity 참조 확인"
"Assets/Art/Items/ItemArtCatalog.asset","entries.Array.data[6].sprite","Assets/Art/Items/icesteel_helm.aseprite","icesteel_helm","Unity 참조 확인"
"Assets/Art/Items/ItemArtCatalog.asset","entries.Array.data[7].sprite","Assets/Art/Items/icesteel_armor.aseprite","icesteel_armor","Unity 참조 확인"
"Assets/Art/Items/ItemArtCatalog.asset","entries.Array.data[8].sprite","Assets/Art/Items/icesteel_boots.aseprite","icesteel_boots","Unity 참조 확인"
"Assets/Art/Items/ItemArtCatalog.asset","entries.Array.data[9].sprite","Assets/Art/Items/bell_norigae.aseprite","bell_norigae","Unity 참조 확인"
"Assets/Art/Items/ItemArtCatalog.asset","entries.Array.data[10].sprite","Assets/Art/Items/wind_daenggi.aseprite","wind_daenggi","Unity 참조 확인"
"Assets/Art/Items/ItemArtCatalog.asset","entries.Array.data[11].sprite","Assets/Art/Items/tiger_eye_bead.aseprite","tiger_eye_bead","Unity 참조 확인"
"Assets/Art/Items/ItemArtCatalog.asset","entries.Array.data[12].sprite","Assets/Art/Items/ice_heart_norigae.aseprite","ice_heart_norigae","Unity 참조 확인"
"Assets/Art/Items/ItemArtCatalog.asset","entries.Array.data[13].sprite","Assets/Art/Items/bokjumeoni.aseprite","bokjumeoni","Unity 참조 확인"
"Assets/Art/Items/ItemArtCatalog.asset","entries.Array.data[14].sprite","Assets/Art/Items/dokkaebi_gamtu.aseprite","dokkaebi_gamtu","Unity 참조 확인"
"Assets/Art/Items/ItemArtCatalog.asset","entries.Array.data[15].sprite","Assets/Art/Items/ssireum_satba.aseprite","ssireum_satba","Unity 참조 확인"
"Assets/Art/Items/ItemArtCatalog.asset","entries.Array.data[16].sprite","Assets/Art/Items/iron_bait_pile.aseprite","iron_bait_pile","Unity 참조 확인"
"Assets/Art/Items/ItemArtCatalog.asset","entries.Array.data[17].sprite","Assets/Art/Items/ice_altar_offering.aseprite","ice_altar_offering","Unity 참조 확인"
"Assets/Art/Items/ItemArtCatalog.asset","entries.Array.data[18].sprite","Assets/Art/Items/drought_talisman.aseprite","drought_talisman","Unity 참조 확인"
"Assets/Art/Items/ItemArtCatalog.asset","entries.Array.data[19].sprite","Assets/Art/Items/club_shard.aseprite","club_shard","Unity 참조 확인"
"Assets/Art/Items/ItemArtCatalog.asset","entries.Array.data[20].sprite","Assets/Art/Items/daebal.aseprite","daebal","Unity 참조 확인"
"Assets/Art/Items/ItemArtCatalog.asset","entries.Array.data[21].sprite","Assets/Art/Items/dokkaebi_fire_essence.aseprite","dokkaebi_fire_essence","Unity 참조 확인"
"Assets/Art/Items/ItemArtCatalog.asset","entries.Array.data[22].sprite","Assets/Art/Items/gangcheol_scale.aseprite","gangcheol_scale","Unity 참조 확인"
"Assets/Art/Items/ItemArtCatalog.asset","entries.Array.data[23].sprite","Assets/Art/Items/iron_scale.aseprite","iron_scale","Unity 참조 확인"
"Assets/Art/Items/ItemArtCatalog.asset","entries.Array.data[24].sprite","Assets/Art/Items/jukbuin.aseprite","jukbuin","Unity 참조 확인"
"Assets/Art/Items/ItemArtCatalog.asset","entries.Array.data[25].sprite","Assets/Art/Items/shadow_shard.aseprite","shadow_shard","Unity 참조 확인"
"Assets/Art/Items/ItemArtCatalog.asset","entries.Array.data[26].sprite","Assets/Art/Items/stolen_bundle.aseprite","stolen_bundle","Unity 참조 확인"
"Assets/Art/Items/ItemArtCatalog.asset","entries.Array.data[27].sprite","Assets/Art/Items/yeouiju.aseprite","yeouiju","Unity 참조 확인"
"Assets/Art/Items/ItemArtCatalog.asset","entries.Array.data[28].sprite","Assets/Art/Decorations/tree.aseprite","tree","Unity 참조 확인"
"Assets/Art/Items/ItemArtCatalog.asset","entries.Array.data[29].sprite","Assets/Art/Decorations/hemp.aseprite","hemp","Unity 참조 확인"
"Assets/Art/Items/ItemArtCatalog.asset","entries.Array.data[30].sprite","Assets/Art/Decorations/ruin_rebar.aseprite","ruin_rebar","Unity 참조 확인"
"Assets/Art/Items/ItemArtCatalog.asset","entries.Array.data[31].sprite","Assets/Art/Tiles/dirt.aseprite","dirt","Unity 참조 확인"
"Assets/Art/Items/ItemArtCatalog.asset","entries.Array.data[32].sprite","Assets/Art/Tiles/stone.aseprite","stone","Unity 참조 확인"
"Assets/Art/Items/ItemArtCatalog.asset","entries.Array.data[33].sprite","Assets/Art/Tiles/coal.aseprite","coal","Unity 참조 확인"
"Assets/Art/Items/ItemArtCatalog.asset","entries.Array.data[34].sprite","Assets/Art/Tiles/iron_ore.aseprite","iron_ore","Unity 참조 확인"
"Assets/Art/Items/ItemArtCatalog.asset","entries.Array.data[35].sprite","Assets/Art/Tiles/copper_ore.aseprite","copper_ore","Unity 참조 확인"
"Assets/Art/Items/ItemArtCatalog.asset","entries.Array.data[36].sprite","Assets/Art/Tiles/ice_shard.aseprite","ice_shard","Unity 참조 확인"
"Assets/Art/Items/ItemArtCatalog.asset","entries.Array.data[37].sprite","Assets/Art/Tiles/icesteel_ore.aseprite","icesteel_ore","Unity 참조 확인"
"Assets/Art/Items/ItemArtCatalog.asset","entries.Array.data[38].sprite","Assets/Art/Tiles/frost_essence.aseprite","frost_essence","Unity 참조 확인"
"Assets/Art/Items/ItemArtCatalog.asset","entries.Array.data[39].sprite","Assets/Art/UI/yokai_tear_balance.aseprite","Frame_0","Unity 참조 확인"
"Assets/Art/Items/ItemArtCatalog.asset","entries.Array.data[40].sprite","Assets/Art/Buildings/workbench.aseprite","workbench","Unity 참조 확인"
"Assets/Art/Items/ItemArtCatalog.asset","entries.Array.data[41].sprite","Assets/Art/Buildings/furnace.aseprite","furnace","Unity 참조 확인"
"Assets/Art/Items/ItemArtCatalog.asset","entries.Array.data[42].sprite","Assets/Art/Buildings/blast_furnace.aseprite","blast_furnace","Unity 참조 확인"
"Assets/Art/Items/ItemArtCatalog.asset","entries.Array.data[43].sprite","Assets/Art/Buildings/ice_anvil.aseprite","ice_anvil","Unity 참조 확인"
"Assets/Art/Items/ItemArtCatalog.asset","entries.Array.data[44].sprite","Assets/Art/Buildings/lantern.aseprite","Frame_0","Unity 참조 확인"
"Assets/Art/Items/ItemArtCatalog.asset","entries.Array.data[45].sprite","Assets/Art/Buildings/sieve.aseprite","sieve","Unity 참조 확인"
"Assets/Art/Items/ItemArtCatalog.asset","entries.Array.data[46].sprite","Assets/Art/Buildings/haetae_statue.aseprite","Frame_0","Unity 참조 확인"
"Assets/Art/Items/ItemArtCatalog.asset","entries.Array.data[47].sprite","Assets/Art/Buildings/nest_bed.aseprite","nest_bed","Unity 참조 확인"
"Assets/Art/Items/ItemArtCatalog.asset","entries.Array.data[48].sprite","Assets/Art/Buildings/magpie_nest.aseprite","magpie_nest","Unity 참조 확인"
"Assets/Art/Items/ItemArtCatalog.asset","entries.Array.data[49].sprite","Assets/Art/Buildings/bell_rope.aseprite","bell_rope","Unity 참조 확인"
"Assets/Art/Items/ItemArtCatalog.asset","entries.Array.data[50].sprite","Assets/Art/Buildings/iron_bell_rope.aseprite","iron_bell_rope","Unity 참조 확인"
"Assets/Art/Items/ItemArtCatalog.asset","entries.Array.data[51].sprite","Assets/Art/Buildings/iron_sieve.aseprite","iron_sieve","Unity 참조 확인"
"Assets/Art/Items/ItemArtCatalog.asset","entries.Array.data[52].sprite","Assets/Art/Buildings/frost_lantern.aseprite","Frame_0","Unity 참조 확인"
"Assets/Art/Items/ItemArtCatalog.asset","entries.Array.data[53].sprite","Assets/Art/Buildings/insul_wall.aseprite","insul_wall","Unity 참조 확인"
"Assets/Art/Items/ItemArtCatalog.asset","entries.Array.data[54].sprite","Assets/Art/Buildings/door.aseprite","Frame_0","Unity 참조 확인"
"Assets/Art/Items/ItemArtCatalog.asset","entries.Array.data[55].sprite","Assets/Art/Buildings/roof.aseprite","roof","Unity 참조 확인"
"Assets/Art/Items/ItemArtCatalog.asset","entries.Array.data[56].sprite","Assets/Art/Buildings/jangdok.aseprite","jangdok","Unity 참조 확인"
"Assets/Art/Items/ItemArtCatalog.asset","entries.Array.data[57].sprite","Assets/Art/Buildings/ice_core.aseprite","ice_core","Unity 참조 확인"
"Assets/Art/Items/ItemArtCatalog.asset","entries.Array.data[58].sprite","Assets/Art/Buildings/iron_insul_wall.aseprite","iron_insul_wall","Unity 참조 확인"
"Assets/Art/Items/ItemArtCatalog.asset","entries.Array.data[59].sprite","Assets/Art/Buildings/cold_device.aseprite","cold_device","Unity 참조 확인"
"Assets/Art/Items/ItemArtCatalog.asset","entries.Array.data[60].sprite","Assets/Art/Buildings/dokkaebi_fire_tower.aseprite","Frame_0","Unity 참조 확인"
"Assets/Art/Items/ItemArtCatalog.asset","entries.Array.data[61].sprite","Assets/Art/Buildings/singijeon_cart.aseprite","Frame_0","Unity 참조 확인"
"Assets/Art/Items/ItemArtCatalog.asset","entries.Array.data[62].sprite","Assets/Art/Buildings/ice_crystal_cooler.aseprite","ice_crystal_cooler","Unity 참조 확인"
"Assets/Art/Items/ItemArtCatalog.asset","entries.Array.data[63].sprite","Assets/Art/Buildings/cold_wave_core.aseprite","cold_wave_core","Unity 참조 확인"
"Assets/Art/Items/ItemArtCatalog.asset","entries.Array.data[64].sprite","Assets/Art/Items/water_jar.aseprite","water_jar","Unity 참조 확인"
"Assets/Art/Items/ItemArtCatalog.asset","entries.Array.data[65].sprite","Assets/Art/Buildings/ice_jar.aseprite","ice_jar","Unity 참조 확인"
"Assets/Art/Items/ItemArtCatalog.asset","entries.Array.data[66].sprite","Assets/Art/Buildings/straw_insul.aseprite","straw_insul","Unity 참조 확인"
"Assets/Art/Items/ItemArtCatalog.asset","entries.Array.data[67].sprite","Assets/Art/Buildings/clay_plaster.aseprite","clay_plaster","Unity 참조 확인"
"Assets/Art/Items/ItemArtCatalog.asset","entries.Array.data[68].sprite","Assets/Art/Buildings/munpungji.aseprite","munpungji","Unity 참조 확인"
"Assets/Art/Items/ItemArtCatalog.asset","entries.Array.data[69].sprite","Assets/Art/Buildings/minhwa_scroll.aseprite","minhwa_scroll","Unity 참조 확인"
"Assets/Art/Items/ItemArtCatalog.asset","entries.Array.data[70].sprite","Assets/Art/Buildings/saekdong_lantern.aseprite","saekdong_lantern","Unity 참조 확인"
"Assets/Art/Items/ItemArtCatalog.asset","entries.Array.data[71].sprite","Assets/Art/Buildings/onggi_pot.aseprite","onggi_pot","Unity 참조 확인"
"Assets/Art/Items/ItemArtCatalog.asset","entries.Array.data[72].sprite","Assets/Art/Buildings/wind_chime.aseprite","wind_chime","Unity 참조 확인"
"Assets/Art/Items/ItemArtCatalog.asset","entries.Array.data[73].sprite","Assets/Art/Buildings/saekdong_cushion.aseprite","saekdong_cushion","Unity 참조 확인"
"Assets/Art/Items/ItemArtCatalog.asset","entries.Array.data[74].sprite","Assets/Art/Tiles/t_bg_dirt.aseprite","t_bg_dirt","Unity 참조 확인"
"Assets/Art/Items/ItemArtCatalog.asset","entries.Array.data[75].sprite","Assets/Art/Items/bare_claw.aseprite","bare_claw","Unity 참조 확인"
"Assets/Art/Items/ItemArtCatalog.asset","entries.Array.data[76].sprite","Assets/Art/Items/iron_claw.aseprite","iron_claw","Unity 참조 확인"
"Assets/Art/Items/ItemArtCatalog.asset","entries.Array.data[77].sprite","Assets/Art/Items/icesteel_claw.aseprite","icesteel_claw","Unity 참조 확인"
"Assets/Art/Items/ItemArtCatalog.asset","entries.Array.data[78].sprite","Assets/Art/Items/dokkaebi_club.aseprite","dokkaebi_club","Unity 참조 확인"
"Assets/Art/Items/ItemArtCatalog.asset","entries.Array.data[79].sprite","Assets/Art/Items/cheolseon.aseprite","cheolseon","Unity 참조 확인"
"Assets/Art/Items/ItemArtCatalog.asset","entries.Array.data[80].sprite","Assets/Art/Items/clay.aseprite","clay","Unity 참조 확인"
"Assets/Art/Items/ItemArtCatalog.asset","entries.Array.data[81].sprite","Assets/Art/Items/drought_heart.aseprite","drought_heart","Unity 참조 확인"
"Assets/Art/Items/ItemArtCatalog.asset","entries.Array.data[82].sprite","Assets/Art/Items/frostclaw_gauntlet.aseprite","frostclaw_gauntlet","Unity 참조 확인"
"Assets/Art/Items/ItemArtCatalog.asset","entries.Array.data[83].sprite","Assets/Art/Items/iron_forge_core.aseprite","iron_forge_core","Unity 참조 확인"
"Assets/Art/Items/ItemArtCatalog.asset","entries.Array.data[84].sprite","Assets/Art/Items/hapjukseon.aseprite","hapjukseon","Unity 참조 확인"
"Assets/Art/Items/ItemArtCatalog.asset","entries.Array.data[85].sprite","Assets/Art/Items/copper_ingot.aseprite","copper_ingot","Unity 참조 확인"
"Assets/Art/Items/ItemArtCatalog.asset","entries.Array.data[86].sprite","Assets/Art/Items/icesteel_ingot.aseprite","icesteel_ingot","Unity 참조 확인"
"Assets/Art/Items/ItemArtCatalog.asset","entries.Array.data[87].sprite","Assets/Art/Items/iron_ingot.aseprite","iron_ingot","Unity 참조 확인"
"Assets/Art/Items/ItemArtCatalog.asset","entries.Array.data[88].sprite","Assets/Art/Tiles/stone_mid.aseprite","stone_mid","Unity 참조 확인"
"Assets/Art/Items/ItemArtCatalog.asset","entries.Array.data[89].sprite","Assets/Art/Items/catnip.aseprite","catnip","Unity 참조 확인"
"Assets/Art/Items/ItemArtCatalog.asset","entries.Array.data[90].sprite","","","미제공"
"Assets/Art/Items/ItemArtCatalog.asset","entries.Array.data[91].sprite","","","미제공"
"Assets/Art/Items/ItemArtCatalog.asset","entries.Array.data[92].sprite","","","미제공"
"Assets/Art/Items/ItemArtCatalog.asset","entries.Array.data[93].sprite","Assets/Art/Items/DeliveredFinal/jigwi_ember_mat.aseprite","jigwi_ember_mat","Unity 참조 확인"
"Assets/Art/Items/ItemArtCatalog.asset","entries.Array.data[94].sprite","","","미제공"
"Assets/Art/Items/ItemArtCatalog.asset","entries.Array.data[95].sprite","","","미제공"
"Assets/Art/Items/ItemArtCatalog.asset","entries.Array.data[96].sprite","Assets/Art/Items/DeliveredFinal/three_horn_mat.aseprite","three_horn_mat","Unity 참조 확인"
"Assets/Art/Items/ItemArtCatalog.asset","entries.Array.data[97].sprite","Assets/Art/Items/DeliveredFinal/eop_scale_mat.aseprite","eop_scale_mat","Unity 참조 확인"
"Assets/Art/Items/ItemArtCatalog.asset","entries.Array.data[98].sprite","Assets/Art/Items/DeliveredFinal/yeongno_mask_mat.aseprite","yeongno_mask_mat","Unity 참조 확인"
"Assets/Art/Items/ItemArtCatalog.asset","entries.Array.data[99].sprite","","","미제공"
"Assets/Art/Items/ItemArtCatalog.asset","entries.Array.data[100].sprite","","","미제공"
"Assets/Art/Items/ItemArtCatalog.asset","entries.Array.data[101].sprite","","","미제공"
"Assets/Art/Items/ItemArtCatalog.asset","entries.Array.data[102].sprite","","","미제공"
"Assets/Art/Items/ItemArtCatalog.asset","entries.Array.data[103].sprite","","","미제공"
"Assets/Art/Items/ItemArtCatalog.asset","entries.Array.data[104].sprite","","","미제공"
"Assets/Art/Items/ItemArtCatalog.asset","entries.Array.data[105].sprite","","","미제공"
"Assets/Art/Items/ItemArtCatalog.asset","entries.Array.data[106].sprite","","","미제공"
"Assets/Art/Items/ItemArtCatalog.asset","entries.Array.data[107].sprite","","","미제공"
"Assets/Art/Items/ItemArtCatalog.asset","entries.Array.data[108].sprite","","","미제공"
"Assets/Art/Items/ItemArtCatalog.asset","entries.Array.data[109].sprite","","","미제공"
"Assets/Art/Items/ItemArtCatalog.asset","entries.Array.data[110].sprite","Assets/Art/Items/DeliveredFinal/oyster_mushroom.aseprite","oyster_mushroom","Unity 참조 확인"
"Assets/Art/Items/ItemArtCatalog.asset","entries.Array.data[111].sprite","Assets/Art/Items/DeliveredFinal/shiitake.aseprite","shiitake","Unity 참조 확인"
"Assets/Art/Items/ItemArtCatalog.asset","entries.Array.data[112].sprite","Assets/Art/Items/DeliveredFinal/smithy.aseprite","smithy","Unity 참조 확인"
"Assets/Art/Items/ItemArtCatalog.asset","entries.Array.data[113].sprite","Assets/Art/Items/DeliveredFinal/tal_frost.aseprite","tal_frost","Unity 참조 확인"
"Assets/Art/Items/ItemArtCatalog.asset","entries.Array.data[114].sprite","Assets/Art/Items/DeliveredFinal/tal_hide.aseprite","tal_hide","Unity 참조 확인"
"Assets/Art/Items/ItemArtCatalog.asset","entries.Array.data[115].sprite","Assets/Art/Items/DeliveredFinal/tal_return.aseprite","tal_return","Unity 참조 확인"
"Assets/Art/Items/ItemArtCatalog.asset","entries.Array.data[116].sprite","Assets/Art/Items/DeliveredFinal/tal_stride.aseprite","tal_stride","Unity 참조 확인"
"Assets/Art/Items/ItemArtCatalog.asset","entries.Array.data[117].sprite","Assets/Art/Items/DeliveredFinal/tal_waypoint.aseprite","tal_waypoint","Unity 참조 확인"
"Assets/Art/Items/ItemArtCatalog.asset","entries.Array.data[118].sprite","Assets/Art/Items/DeliveredFinal/cold_wave_armor.aseprite","cold_wave_armor","Unity 참조 확인"
"Assets/Art/Items/ItemArtCatalog.asset","entries.Array.data[119].sprite","Assets/Art/Items/DeliveredFinal/cold_wave_boots.aseprite","cold_wave_boots","Unity 참조 확인"
"Assets/Art/Items/ItemArtCatalog.asset","entries.Array.data[120].sprite","Assets/Art/Items/DeliveredFinal/cold_wave_helm.aseprite","cold_wave_helm","Unity 참조 확인"
"Assets/Art/Items/ItemArtCatalog.asset","entries.Array.data[121].sprite","Assets/Art/Items/DeliveredFinal/ice_root_armor.aseprite","ice_root_armor","Unity 참조 확인"
"Assets/Art/Items/ItemArtCatalog.asset","entries.Array.data[122].sprite","Assets/Art/Items/DeliveredFinal/ice_root_boots.aseprite","ice_root_boots","Unity 참조 확인"
"Assets/Art/Items/ItemArtCatalog.asset","entries.Array.data[123].sprite","Assets/Art/Items/DeliveredFinal/ice_root_helm.aseprite","ice_root_helm","Unity 참조 확인"
"Assets/Art/Items/ItemArtCatalog.asset","entries.Array.data[124].sprite","Assets/Art/Items/DeliveredFinal/seonge_armor.aseprite","seonge_armor","Unity 참조 확인"
"Assets/Art/Items/ItemArtCatalog.asset","entries.Array.data[125].sprite","Assets/Art/Items/DeliveredFinal/seonge_boots.aseprite","seonge_boots","Unity 참조 확인"
"Assets/Art/Items/ItemArtCatalog.asset","entries.Array.data[126].sprite","Assets/Art/Items/DeliveredFinal/seonge_helm.aseprite","seonge_helm","Unity 참조 확인"
"Assets/Art/Items/ItemArtCatalog.asset","entries.Array.data[127].sprite","Assets/Art/Items/DeliveredFinal/blaze_yeokrin.aseprite","blaze_yeokrin","Unity 참조 확인"
"Assets/Art/Items/ItemArtCatalog.asset","entries.Array.data[128].sprite","Assets/Art/Items/DeliveredFinal/cold_wave_ingot.aseprite","cold_wave_ingot","Unity 참조 확인"
"Assets/Art/Items/ItemArtCatalog.asset","entries.Array.data[129].sprite","Assets/Art/Items/DeliveredFinal/eop_scale_mat.aseprite","eop_scale_mat","Unity 참조 확인"
"Assets/Art/Items/ItemArtCatalog.asset","entries.Array.data[130].sprite","Assets/Art/Items/DeliveredFinal/ice_root_bundle.aseprite","ice_root_bundle","Unity 참조 확인"
"Assets/Art/Items/ItemArtCatalog.asset","entries.Array.data[131].sprite","Assets/Art/Items/DeliveredFinal/perfect_heart.aseprite","perfect_heart","Unity 참조 확인"
"Assets/Art/Items/ItemArtCatalog.asset","entries.Array.data[132].sprite","Assets/Art/Items/DeliveredFinal/sangun_talon.aseprite","sangun_talon","Unity 참조 확인"
"Assets/Art/Items/ItemArtCatalog.asset","entries.Array.data[133].sprite","Assets/Art/Items/DeliveredFinal/seonge_ingot.aseprite","seonge_ingot","Unity 참조 확인"
"Assets/Art/Items/ItemArtCatalog.asset","entries.Array.data[134].sprite","Assets/Art/Items/DeliveredFinal/three_horn_mat.aseprite","three_horn_mat","Unity 참조 확인"
"Assets/Art/Items/ItemArtCatalog.asset","entries.Array.data[135].sprite","Assets/Art/Items/DeliveredFinal/arrow_supply.aseprite","arrow_supply","Unity 참조 확인"
"Assets/Art/Items/ItemArtCatalog.asset","entries.Array.data[136].sprite","Assets/Art/Items/DeliveredFinal/cold_wave_tower.aseprite","cold_wave_tower","Unity 참조 확인"
"Assets/Art/Items/ItemArtCatalog.asset","entries.Array.data[137].sprite","Assets/Art/Items/DeliveredFinal/frost_bell_rope.aseprite","frost_bell_rope","Unity 참조 확인"
"Assets/Art/Items/ItemArtCatalog.asset","entries.Array.data[138].sprite","Assets/Art/Items/DeliveredFinal/gong_tower.aseprite","gong_tower","Unity 참조 확인"
"Assets/Art/Items/ItemArtCatalog.asset","entries.Array.data[139].sprite","Assets/Art/Items/DeliveredFinal/ice_trap.aseprite","ice_trap","Unity 참조 확인"
"Assets/Art/Items/ItemArtCatalog.asset","entries.Array.data[140].sprite","Assets/Art/Items/DeliveredFinal/scarecrow.aseprite","scarecrow","Unity 참조 확인"
"Assets/Art/Items/ItemArtCatalog.asset","entries.Array.data[141].sprite","Assets/Art/Items/DeliveredFinal/seonge_tower.aseprite","seonge_tower","Unity 참조 확인"
"Assets/Art/Items/ItemArtCatalog.asset","entries.Array.data[142].sprite","Assets/Art/Items/DeliveredFinal/cold_wave_ore.aseprite","cold_wave_ore","Unity 참조 확인"
"Assets/Art/Items/ItemArtCatalog.asset","entries.Array.data[143].sprite","Assets/Art/Items/DeliveredFinal/ice_root.aseprite","ice_root","Unity 참조 확인"
"Assets/Art/Items/ItemArtCatalog.asset","entries.Array.data[144].sprite","Assets/Art/Items/DeliveredFinal/eop_summon.aseprite","eop_summon","Unity 참조 확인"
"Assets/Art/Items/ItemArtCatalog.asset","entries.Array.data[145].sprite","Assets/Art/Items/DeliveredFinal/jigwi_summon.aseprite","jigwi_summon","Unity 참조 확인"
"Assets/Art/Items/ItemArtCatalog.asset","entries.Array.data[146].sprite","Assets/Art/Items/DeliveredFinal/samdugumi_summon.aseprite","samdugumi_summon","Unity 참조 확인"
"Assets/Art/Items/ItemArtCatalog.asset","entries.Array.data[147].sprite","Assets/Art/Items/DeliveredFinal/baekjung_bundle.aseprite","baekjung_bundle","Unity 참조 확인"
"Assets/Art/Items/ItemArtCatalog.asset","entries.Array.data[148].sprite","Assets/Art/Items/DeliveredFinal/cold_wave_fan.aseprite","cold_wave_fan","Unity 참조 확인"
"Assets/Art/Items/ItemArtCatalog.asset","entries.Array.data[149].sprite","Assets/Art/Items/DeliveredFinal/first_frost_claw.aseprite","first_frost_claw","Unity 참조 확인"
"Assets/Art/Items/ItemArtCatalog.asset","entries.Array.data[150].sprite","Assets/Art/Items/DeliveredFinal/gakgung.aseprite","gakgung","Unity 참조 확인"
"Assets/Art/Items/ItemArtCatalog.asset","entries.Array.data[151].sprite","Assets/Art/Items/DeliveredFinal/ice_root_bow.aseprite","ice_root_bow","Unity 참조 확인"
"Assets/Art/Items/ItemArtCatalog.asset","entries.Array.data[152].sprite","Assets/Art/Items/DeliveredFinal/ice_root_whipfan.aseprite","ice_root_whipfan","Unity 참조 확인"
"Assets/Art/Items/ItemArtCatalog.asset","entries.Array.data[153].sprite","Assets/Art/Items/DeliveredFinal/jigwi_ash.aseprite","jigwi_ash","Unity 참조 확인"
"Assets/Art/Items/ItemArtCatalog.asset","entries.Array.data[154].sprite","Assets/Art/Items/DeliveredFinal/perfect_claw.aseprite","perfect_claw","Unity 참조 확인"
"Assets/Art/Items/ItemArtCatalog.asset","entries.Array.data[155].sprite","Assets/Art/Items/DeliveredFinal/sangun_claw.aseprite","sangun_claw","Unity 참조 확인"
"Assets/Art/Items/ItemArtCatalog.asset","entries.Array.data[156].sprite","Assets/Art/Items/DeliveredFinal/sangun_whisker.aseprite","sangun_whisker","Unity 참조 확인"
"Assets/Art/Items/ItemArtCatalog.asset","entries.Array.data[157].sprite","Assets/Art/Items/DeliveredFinal/seolpungseon.aseprite","Frame_0","Unity 참조 확인"
"Assets/Art/Items/ItemArtCatalog.asset","entries.Array.data[158].sprite","Assets/Art/Items/DeliveredFinal/seonge_fan.aseprite","seonge_fan","Unity 참조 확인"
"Assets/Art/Items/ItemArtCatalog.asset","entries.Array.data[159].sprite","Assets/Art/Items/DeliveredFinal/seonge_gakgung.aseprite","seonge_gakgung","Unity 참조 확인"
"Assets/Art/Items/ItemArtCatalog.asset","entries.Array.data[160].sprite","Assets/Art/Items/DeliveredFinal/straw_sling.aseprite","straw_sling","Unity 참조 확인"
"Assets/Art/Items/ItemArtCatalog.asset","entries.Array.data[161].sprite","Assets/Art/Items/DeliveredFinal/yeongno_tooth.aseprite","yeongno_tooth","Unity 참조 확인"
"Assets/Art/Items/ItemArtCatalog.asset","entries.Array.data[162].sprite","Assets/Art/Items/DeliveredFinal/yeouiju_claw.aseprite","yeouiju_claw","Unity 참조 확인"
"Assets/Art/Items/ItemArtCatalog.asset","entries.Array.data[163].sprite","Assets/Art/Tiles/seonge_ore.aseprite","seonge_ore","Unity 참조 확인"
"Assets/Art/Items/ItemArtCatalog.asset","entries.Array.data[164].sprite","Assets/Art/Items/DeliveredFinal/jigwi_ember_mat.aseprite","jigwi_ember_mat","Unity 참조 확인"
"Assets/Art/Items/ItemArtCatalog.asset","entries.Array.data[165].sprite","Assets/Art/Items/DeliveredFinal/yeongno_mask_mat.aseprite","yeongno_mask_mat","Unity 참조 확인"
"Assets/Art/Items/ItemArtCatalog.asset","entries.Array.data[166].sprite","Assets/Art/Items/DeliveredFinal/singijeon_sondae.aseprite","singijeon_sondae","Unity 참조 확인"
"Assets/Art/Items/ItemArtCatalog.asset","entries.Array.data[167].sprite","Assets/Art/Items/DeliveredFinal/cold_wave_singijeon.aseprite","cold_wave_singijeon","Unity 참조 확인"
"Assets/Art/Items/ItemArtCatalog.asset","entries.Array.data[168].sprite","Assets/Art/Items/DeliveredFinal/seogi.aseprite","seogi","Unity 참조 확인"
"Assets/Art/Items/ItemArtCatalog.asset","entries.Array.data[169].sprite","Assets/Art/Buildings/plaster_doll.aseprite","plaster_doll","Unity 참조 확인"
"Assets/Art/Items/ItemArtCatalog.asset","entries.Array.data[170].sprite","Assets/Art/Buildings/cold_wave_battery.aseprite","Frame_0","Unity 참조 확인"
"Assets/Art/Items/ItemArtCatalog.asset","entries.Array.data[171].sprite","Assets/Art/Buildings/ice_root_battery.aseprite","Frame_0","Unity 참조 확인"
"Assets/Art/Buildings/BuildingArtCatalog.asset","entries.Array.data[0].frames.Array.data[0]","Assets/Art/Buildings/workbench.aseprite","workbench","Unity 참조 확인"
"Assets/Art/Buildings/BuildingArtCatalog.asset","entries.Array.data[1].frames.Array.data[0]","Assets/Art/Buildings/furnace.aseprite","furnace","Unity 참조 확인"
"Assets/Art/Buildings/BuildingArtCatalog.asset","entries.Array.data[2].frames.Array.data[0]","Assets/Art/Buildings/blast_furnace.aseprite","blast_furnace","Unity 참조 확인"
"Assets/Art/Buildings/BuildingArtCatalog.asset","entries.Array.data[3].frames.Array.data[0]","Assets/Art/Buildings/smithy.aseprite","smithy","Unity 참조 확인"
"Assets/Art/Buildings/BuildingArtCatalog.asset","entries.Array.data[4].frames.Array.data[0]","Assets/Art/Buildings/arrow_supply.aseprite","arrow_supply","Unity 참조 확인"
"Assets/Art/Buildings/BuildingArtCatalog.asset","entries.Array.data[5].frames.Array.data[0]","Assets/Art/Buildings/gong_tower.aseprite","gong_tower","Unity 참조 확인"
"Assets/Art/Buildings/BuildingArtCatalog.asset","entries.Array.data[6].frames.Array.data[0]","Assets/Art/Buildings/scarecrow.aseprite","scarecrow","Unity 참조 확인"
"Assets/Art/Buildings/BuildingArtCatalog.asset","entries.Array.data[7].frames.Array.data[0]","Assets/Art/Buildings/tal_waypoint.aseprite","tal_waypoint","Unity 참조 확인"
"Assets/Art/Buildings/BuildingArtCatalog.asset","entries.Array.data[8].frames.Array.data[0]","Assets/Art/Items/water_jar.aseprite","water_jar","Unity 참조 확인"
"Assets/Art/Buildings/BuildingArtCatalog.asset","entries.Array.data[9].frames.Array.data[0]","Assets/Art/Items/DeliveredFinal/frost_bell_rope.aseprite","frost_bell_rope","Unity 참조 확인"
"Assets/Art/Buildings/BuildingArtCatalog.asset","entries.Array.data[10].frames.Array.data[0]","Assets/Art/Items/DeliveredFinal/seonge_tower.aseprite","seonge_tower","Unity 참조 확인"
"Assets/Art/Buildings/BuildingArtCatalog.asset","entries.Array.data[11].frames.Array.data[0]","Assets/Art/Items/DeliveredFinal/cold_wave_tower.aseprite","cold_wave_tower","Unity 참조 확인"
"Assets/Art/Buildings/BuildingArtCatalog.asset","entries.Array.data[12].frames.Array.data[0]","Assets/Art/Items/DeliveredFinal/ice_trap.aseprite","ice_trap","Unity 참조 확인"
"Assets/Art/Buildings/BuildingArtCatalog.asset","entries.Array.data[13].frames.Array.data[0]","Assets/Art/Buildings/ice_anvil.aseprite","ice_anvil","Unity 참조 확인"
"Assets/Art/Buildings/BuildingArtCatalog.asset","entries.Array.data[14].frames.Array.data[0]","Assets/Art/Buildings/lantern.aseprite","Frame_0","Unity 참조 확인"
"Assets/Art/Buildings/BuildingArtCatalog.asset","entries.Array.data[15].frames.Array.data[0]","Assets/Art/Buildings/frost_lantern.aseprite","Frame_0","Unity 참조 확인"
"Assets/Art/Buildings/BuildingArtCatalog.asset","entries.Array.data[16].frames.Array.data[0]","Assets/Art/Buildings/saekdong_lantern.aseprite","saekdong_lantern","Unity 참조 확인"
"Assets/Art/Buildings/BuildingArtCatalog.asset","entries.Array.data[17].frames.Array.data[0]","Assets/Art/Buildings/sieve.aseprite","sieve","Unity 참조 확인"
"Assets/Art/Buildings/BuildingArtCatalog.asset","entries.Array.data[18].frames.Array.data[0]","Assets/Art/Buildings/iron_sieve.aseprite","iron_sieve","Unity 참조 확인"
"Assets/Art/Buildings/BuildingArtCatalog.asset","entries.Array.data[19].frames.Array.data[0]","Assets/Art/Buildings/haetae_statue.aseprite","Frame_0","Unity 참조 확인"
"Assets/Art/Buildings/BuildingArtCatalog.asset","entries.Array.data[20].frames.Array.data[0]","Assets/Art/Buildings/nest_bed.aseprite","nest_bed","Unity 참조 확인"
"Assets/Art/Buildings/BuildingArtCatalog.asset","entries.Array.data[21].frames.Array.data[0]","Assets/Art/Buildings/magpie_nest.aseprite","magpie_nest","Unity 참조 확인"
"Assets/Art/Buildings/BuildingArtCatalog.asset","entries.Array.data[22].frames.Array.data[0]","Assets/Art/Buildings/bell_rope.aseprite","bell_rope","Unity 참조 확인"
"Assets/Art/Buildings/BuildingArtCatalog.asset","entries.Array.data[23].frames.Array.data[0]","Assets/Art/Buildings/iron_bell_rope.aseprite","iron_bell_rope","Unity 참조 확인"
"Assets/Art/Buildings/BuildingArtCatalog.asset","entries.Array.data[24].frames.Array.data[0]","Assets/Art/Buildings/insul_wall.aseprite","insul_wall","Unity 참조 확인"
"Assets/Art/Buildings/BuildingArtCatalog.asset","entries.Array.data[25].frames.Array.data[0]","Assets/Art/Buildings/door.aseprite","Frame_0","Unity 참조 확인"
"Assets/Art/Buildings/BuildingArtCatalog.asset","entries.Array.data[25].frames.Array.data[1]","Assets/Art/Buildings/door.aseprite","Frame_1","Unity 참조 확인"
"Assets/Art/Buildings/BuildingArtCatalog.asset","entries.Array.data[25].frames.Array.data[2]","Assets/Art/Buildings/door.aseprite","Frame_2","Unity 참조 확인"
"Assets/Art/Buildings/BuildingArtCatalog.asset","entries.Array.data[25].frames.Array.data[3]","Assets/Art/Buildings/door.aseprite","Frame_3","Unity 참조 확인"
"Assets/Art/Buildings/BuildingArtCatalog.asset","entries.Array.data[25].frames.Array.data[4]","Assets/Art/Buildings/door.aseprite","Frame_4","Unity 참조 확인"
"Assets/Art/Buildings/BuildingArtCatalog.asset","entries.Array.data[25].frames.Array.data[5]","Assets/Art/Buildings/door.aseprite","Frame_5","Unity 참조 확인"
"Assets/Art/Buildings/BuildingArtCatalog.asset","entries.Array.data[26].frames.Array.data[0]","Assets/Art/Buildings/jangdok.aseprite","jangdok","Unity 참조 확인"
"Assets/Art/Buildings/BuildingArtCatalog.asset","entries.Array.data[27].frames.Array.data[0]","Assets/Art/Buildings/ice_core.aseprite","ice_core","Unity 참조 확인"
"Assets/Art/Buildings/BuildingArtCatalog.asset","entries.Array.data[28].frames.Array.data[0]","Assets/Art/Buildings/iron_insul_wall.aseprite","iron_insul_wall","Unity 참조 확인"
"Assets/Art/Buildings/BuildingArtCatalog.asset","entries.Array.data[29].frames.Array.data[0]","Assets/Art/Buildings/cold_device.aseprite","cold_device","Unity 참조 확인"
"Assets/Art/Buildings/BuildingArtCatalog.asset","entries.Array.data[30].frames.Array.data[0]","Assets/Art/Buildings/chest.aseprite","Frame_0","Unity 참조 확인"
"Assets/Art/Buildings/BuildingArtCatalog.asset","entries.Array.data[30].frames.Array.data[1]","Assets/Art/Buildings/chest.aseprite","Frame_1","Unity 참조 확인"
"Assets/Art/Buildings/BuildingArtCatalog.asset","entries.Array.data[31].frames.Array.data[0]","Assets/Art/Buildings/dokkaebi_fire_tower.aseprite","Frame_0","Unity 참조 확인"
"Assets/Art/Buildings/BuildingArtCatalog.asset","entries.Array.data[32].frames.Array.data[0]","Assets/Art/Buildings/singijeon_cart.aseprite","Frame_0","Unity 참조 확인"
"Assets/Art/Buildings/BuildingArtCatalog.asset","entries.Array.data[32].attackFrames.Array.data[0]","Assets/Art/Buildings/singijeon_cart.aseprite","Frame_1","Unity 참조 확인"
"Assets/Art/Buildings/BuildingArtCatalog.asset","entries.Array.data[32].attackFrames.Array.data[1]","Assets/Art/Buildings/singijeon_cart.aseprite","Frame_2","Unity 참조 확인"
"Assets/Art/Buildings/BuildingArtCatalog.asset","entries.Array.data[32].attackFrames.Array.data[2]","Assets/Art/Buildings/singijeon_cart.aseprite","Frame_3","Unity 참조 확인"
"Assets/Art/Buildings/BuildingArtCatalog.asset","entries.Array.data[33].frames.Array.data[0]","Assets/Art/Buildings/ice_root_battery.aseprite","Frame_0","Unity 참조 확인"
"Assets/Art/Buildings/BuildingArtCatalog.asset","entries.Array.data[33].attackFrames.Array.data[0]","Assets/Art/Buildings/ice_root_battery.aseprite","Frame_1","Unity 참조 확인"
"Assets/Art/Buildings/BuildingArtCatalog.asset","entries.Array.data[33].attackFrames.Array.data[1]","Assets/Art/Buildings/ice_root_battery.aseprite","Frame_2","Unity 참조 확인"
"Assets/Art/Buildings/BuildingArtCatalog.asset","entries.Array.data[33].attackFrames.Array.data[2]","Assets/Art/Buildings/ice_root_battery.aseprite","Frame_3","Unity 참조 확인"
"Assets/Art/Buildings/BuildingArtCatalog.asset","entries.Array.data[34].frames.Array.data[0]","Assets/Art/Buildings/cold_wave_battery.aseprite","Frame_0","Unity 참조 확인"
"Assets/Art/Buildings/BuildingArtCatalog.asset","entries.Array.data[34].attackFrames.Array.data[0]","Assets/Art/Buildings/cold_wave_battery.aseprite","Frame_1","Unity 참조 확인"
"Assets/Art/Buildings/BuildingArtCatalog.asset","entries.Array.data[34].attackFrames.Array.data[1]","Assets/Art/Buildings/cold_wave_battery.aseprite","Frame_2","Unity 참조 확인"
"Assets/Art/Buildings/BuildingArtCatalog.asset","entries.Array.data[34].attackFrames.Array.data[2]","Assets/Art/Buildings/cold_wave_battery.aseprite","Frame_3","Unity 참조 확인"
"Assets/Art/Buildings/BuildingArtCatalog.asset","entries.Array.data[35].frames.Array.data[0]","Assets/Art/Buildings/plaster_doll.aseprite","plaster_doll","Unity 참조 확인"
"Assets/Art/Buildings/BuildingArtCatalog.asset","entries.Array.data[36].frames.Array.data[0]","Assets/Art/Buildings/ice_crystal_cooler.aseprite","ice_crystal_cooler","Unity 참조 확인"
"Assets/Art/Buildings/BuildingArtCatalog.asset","entries.Array.data[37].frames.Array.data[0]","Assets/Art/Buildings/cold_wave_core.aseprite","cold_wave_core","Unity 참조 확인"
"Assets/Art/Buildings/BuildingArtCatalog.asset","entries.Array.data[38].frames.Array.data[0]","Assets/Art/Buildings/ice_jar.aseprite","ice_jar","Unity 참조 확인"
"Assets/Art/Buildings/BuildingArtCatalog.asset","entries.Array.data[39].frames.Array.data[0]","Assets/Art/Buildings/straw_insul.aseprite","straw_insul","Unity 참조 확인"
"Assets/Art/Buildings/BuildingArtCatalog.asset","entries.Array.data[40].frames.Array.data[0]","Assets/Art/Buildings/clay_plaster.aseprite","clay_plaster","Unity 참조 확인"
"Assets/Art/Buildings/BuildingArtCatalog.asset","entries.Array.data[41].frames.Array.data[0]","Assets/Art/Buildings/munpungji.aseprite","munpungji","Unity 참조 확인"
"Assets/Art/Buildings/BuildingArtCatalog.asset","entries.Array.data[42].frames.Array.data[0]","Assets/Art/Buildings/minhwa_scroll.aseprite","minhwa_scroll","Unity 참조 확인"
"Assets/Art/Buildings/BuildingArtCatalog.asset","entries.Array.data[43].frames.Array.data[0]","Assets/Art/Buildings/onggi_pot.aseprite","onggi_pot","Unity 참조 확인"
"Assets/Art/Buildings/BuildingArtCatalog.asset","entries.Array.data[44].frames.Array.data[0]","Assets/Art/Buildings/wind_chime.aseprite","wind_chime","Unity 참조 확인"
"Assets/Art/Buildings/BuildingArtCatalog.asset","entries.Array.data[45].frames.Array.data[0]","Assets/Art/Buildings/saekdong_cushion.aseprite","saekdong_cushion","Unity 참조 확인"
"Assets/Art/Buildings/BuildingArtCatalog.asset","entries.Array.data[46].frames.Array.data[0]","Assets/Art/Buildings/roof.aseprite","roof","Unity 참조 확인"
"Assets/Art/Buildings/BuildingArtCatalog.asset","entries.Array.data[47].frames.Array.data[0]","Assets/Art/Items/jukbuin.aseprite","jukbuin","Unity 참조 확인"
"Assets/Art/Buildings/BuildingArtCatalog.asset","entries.Array.data[48].frames.Array.data[0]","Assets/Art/Items/daebal.aseprite","daebal","Unity 참조 확인"
"Assets/Art/Buildings/BuildingArtCatalog.asset","entries.Array.data[49].frames.Array.data[0]","Assets/Art/Tiles/t_bg_dirt.aseprite","t_bg_dirt","Unity 참조 확인"
"Assets/Art/Characters/CharacterArtCatalog.asset","entries.Array.data[0].sprite","Assets/Art/Characters/player_frostclaw.aseprite","Frame_0","Unity 참조 확인"
"Assets/Art/Characters/CharacterArtCatalog.asset","entries.Array.data[0].idleFrames.Array.data[0]","Assets/Art/Characters/player_frostclaw.aseprite","Frame_0","Unity 참조 확인"
"Assets/Art/Characters/CharacterArtCatalog.asset","entries.Array.data[0].idleFrames.Array.data[1]","Assets/Art/Characters/player_frostclaw.aseprite","Frame_1","Unity 참조 확인"
"Assets/Art/Characters/CharacterArtCatalog.asset","entries.Array.data[0].idleFrames.Array.data[2]","Assets/Art/Characters/player_frostclaw.aseprite","Frame_2","Unity 참조 확인"
"Assets/Art/Characters/CharacterArtCatalog.asset","entries.Array.data[0].idleFrames.Array.data[3]","Assets/Art/Characters/player_frostclaw.aseprite","Frame_3","Unity 참조 확인"
"Assets/Art/Characters/CharacterArtCatalog.asset","entries.Array.data[0].idleFrames.Array.data[4]","Assets/Art/Characters/player_frostclaw.aseprite","Frame_4","Unity 참조 확인"
"Assets/Art/Characters/CharacterArtCatalog.asset","entries.Array.data[0].idleFrames.Array.data[5]","Assets/Art/Characters/player_frostclaw.aseprite","Frame_5","Unity 참조 확인"
"Assets/Art/Characters/CharacterArtCatalog.asset","entries.Array.data[0].walkFrames.Array.data[0]","Assets/Art/Characters/player_frostclaw.aseprite","Frame_6","Unity 참조 확인"
"Assets/Art/Characters/CharacterArtCatalog.asset","entries.Array.data[0].walkFrames.Array.data[1]","Assets/Art/Characters/player_frostclaw.aseprite","Frame_7","Unity 참조 확인"
"Assets/Art/Characters/CharacterArtCatalog.asset","entries.Array.data[0].walkFrames.Array.data[2]","Assets/Art/Characters/player_frostclaw.aseprite","Frame_8","Unity 참조 확인"
"Assets/Art/Characters/CharacterArtCatalog.asset","entries.Array.data[0].walkFrames.Array.data[3]","Assets/Art/Characters/player_frostclaw.aseprite","Frame_9","Unity 참조 확인"
"Assets/Art/Characters/CharacterArtCatalog.asset","entries.Array.data[0].walkFrames.Array.data[4]","Assets/Art/Characters/player_frostclaw.aseprite","Frame_10","Unity 참조 확인"
"Assets/Art/Characters/CharacterArtCatalog.asset","entries.Array.data[0].walkFrames.Array.data[5]","Assets/Art/Characters/player_frostclaw.aseprite","Frame_11","Unity 참조 확인"
"Assets/Art/Characters/CharacterArtCatalog.asset","entries.Array.data[0].jumpFrames.Array.data[0]","Assets/Art/Characters/player_frostclaw.aseprite","Frame_12","Unity 참조 확인"
"Assets/Art/Characters/CharacterArtCatalog.asset","entries.Array.data[0].jumpFrames.Array.data[1]","Assets/Art/Characters/player_frostclaw.aseprite","Frame_13","Unity 참조 확인"
"Assets/Art/Characters/CharacterArtCatalog.asset","entries.Array.data[0].jumpFrames.Array.data[2]","Assets/Art/Characters/player_frostclaw.aseprite","Frame_14","Unity 참조 확인"
"Assets/Art/Characters/CharacterArtCatalog.asset","entries.Array.data[0].jumpFrames.Array.data[3]","Assets/Art/Characters/player_frostclaw.aseprite","Frame_15","Unity 참조 확인"
"Assets/Art/Characters/CharacterArtCatalog.asset","entries.Array.data[0].jumpFrames.Array.data[4]","Assets/Art/Characters/player_frostclaw.aseprite","Frame_16","Unity 참조 확인"
"Assets/Art/Characters/CharacterArtCatalog.asset","entries.Array.data[0].jumpFrames.Array.data[5]","Assets/Art/Characters/player_frostclaw.aseprite","Frame_17","Unity 참조 확인"
"Assets/Art/Characters/CharacterArtCatalog.asset","entries.Array.data[0].attackFrames.Array.data[0]","Assets/Art/Characters/player_frostclaw.aseprite","Frame_24","Unity 참조 확인"
"Assets/Art/Characters/CharacterArtCatalog.asset","entries.Array.data[0].attackFrames.Array.data[1]","Assets/Art/Characters/player_frostclaw.aseprite","Frame_25","Unity 참조 확인"
"Assets/Art/Characters/CharacterArtCatalog.asset","entries.Array.data[0].attackFrames.Array.data[2]","Assets/Art/Characters/player_frostclaw.aseprite","Frame_26","Unity 참조 확인"
"Assets/Art/Characters/CharacterArtCatalog.asset","entries.Array.data[0].attackFrames.Array.data[3]","Assets/Art/Characters/player_frostclaw.aseprite","Frame_27","Unity 참조 확인"
"Assets/Art/Characters/CharacterArtCatalog.asset","entries.Array.data[0].attackFrames.Array.data[4]","Assets/Art/Characters/player_frostclaw.aseprite","Frame_28","Unity 참조 확인"
"Assets/Art/Characters/CharacterArtCatalog.asset","entries.Array.data[0].deathFrames.Array.data[0]","Assets/Art/Characters/player_frostclaw.aseprite","Frame_18","Unity 참조 확인"
"Assets/Art/Characters/CharacterArtCatalog.asset","entries.Array.data[0].deathFrames.Array.data[1]","Assets/Art/Characters/player_frostclaw.aseprite","Frame_19","Unity 참조 확인"
"Assets/Art/Characters/CharacterArtCatalog.asset","entries.Array.data[0].deathFrames.Array.data[2]","Assets/Art/Characters/player_frostclaw.aseprite","Frame_20","Unity 참조 확인"
"Assets/Art/Characters/CharacterArtCatalog.asset","entries.Array.data[0].deathFrames.Array.data[3]","Assets/Art/Characters/player_frostclaw.aseprite","Frame_21","Unity 참조 확인"
"Assets/Art/Characters/CharacterArtCatalog.asset","entries.Array.data[0].deathFrames.Array.data[4]","Assets/Art/Characters/player_frostclaw.aseprite","Frame_22","Unity 참조 확인"
"Assets/Art/Characters/CharacterArtCatalog.asset","entries.Array.data[0].deathFrames.Array.data[5]","Assets/Art/Characters/player_frostclaw.aseprite","Frame_23","Unity 참조 확인"
"Assets/Art/Characters/CharacterArtCatalog.asset","entries.Array.data[1].sprite","Assets/Art/Characters/club.aseprite","Frame_0","Unity 참조 확인"
"Assets/Art/Characters/CharacterArtCatalog.asset","entries.Array.data[1].idleFrames.Array.data[0]","Assets/Art/Characters/club.aseprite","Frame_0","Unity 참조 확인"
"Assets/Art/Characters/CharacterArtCatalog.asset","entries.Array.data[1].idleFrames.Array.data[1]","Assets/Art/Characters/club.aseprite","Frame_1","Unity 참조 확인"
"Assets/Art/Characters/CharacterArtCatalog.asset","entries.Array.data[1].idleFrames.Array.data[2]","Assets/Art/Characters/club.aseprite","Frame_2","Unity 참조 확인"
"Assets/Art/Characters/CharacterArtCatalog.asset","entries.Array.data[1].walkFrames.Array.data[0]","Assets/Art/Characters/club.aseprite","Frame_3","Unity 참조 확인"
"Assets/Art/Characters/CharacterArtCatalog.asset","entries.Array.data[1].walkFrames.Array.data[1]","Assets/Art/Characters/club.aseprite","Frame_4","Unity 참조 확인"
"Assets/Art/Characters/CharacterArtCatalog.asset","entries.Array.data[1].walkFrames.Array.data[2]","Assets/Art/Characters/club.aseprite","Frame_5","Unity 참조 확인"
"Assets/Art/Characters/CharacterArtCatalog.asset","entries.Array.data[1].attackFrames.Array.data[0]","Assets/Art/Characters/club.aseprite","Frame_6","Unity 참조 확인"
"Assets/Art/Characters/CharacterArtCatalog.asset","entries.Array.data[1].attackFrames.Array.data[1]","Assets/Art/Characters/club.aseprite","Frame_7","Unity 참조 확인"
"Assets/Art/Characters/CharacterArtCatalog.asset","entries.Array.data[1].attackFrames.Array.data[2]","Assets/Art/Characters/club.aseprite","Frame_8","Unity 참조 확인"
"Assets/Art/Characters/CharacterArtCatalog.asset","entries.Array.data[1].attackFrames.Array.data[3]","Assets/Art/Characters/club.aseprite","Frame_9","Unity 참조 확인"
"Assets/Art/Characters/CharacterArtCatalog.asset","entries.Array.data[1].hitFrames.Array.data[0]","Assets/Art/Characters/club.aseprite","Frame_10","Unity 참조 확인"
"Assets/Art/Characters/CharacterArtCatalog.asset","entries.Array.data[2].sprite","Assets/Art/Characters/bulgasari.aseprite","Frame_0","Unity 참조 확인"
"Assets/Art/Characters/CharacterArtCatalog.asset","entries.Array.data[2].idleFrames.Array.data[0]","Assets/Art/Characters/bulgasari.aseprite","Frame_0","Unity 참조 확인"
"Assets/Art/Characters/CharacterArtCatalog.asset","entries.Array.data[2].idleFrames.Array.data[1]","Assets/Art/Characters/bulgasari.aseprite","Frame_1","Unity 참조 확인"
"Assets/Art/Characters/CharacterArtCatalog.asset","entries.Array.data[2].idleFrames.Array.data[2]","Assets/Art/Characters/bulgasari.aseprite","Frame_2","Unity 참조 확인"
"Assets/Art/Characters/CharacterArtCatalog.asset","entries.Array.data[2].walkFrames.Array.data[0]","Assets/Art/Characters/bulgasari.aseprite","Frame_3","Unity 참조 확인"
"Assets/Art/Characters/CharacterArtCatalog.asset","entries.Array.data[2].walkFrames.Array.data[1]","Assets/Art/Characters/bulgasari.aseprite","Frame_4","Unity 참조 확인"
"Assets/Art/Characters/CharacterArtCatalog.asset","entries.Array.data[2].walkFrames.Array.data[2]","Assets/Art/Characters/bulgasari.aseprite","Frame_5","Unity 참조 확인"
"Assets/Art/Characters/CharacterArtCatalog.asset","entries.Array.data[2].walkFrames.Array.data[3]","Assets/Art/Characters/bulgasari.aseprite","Frame_6","Unity 참조 확인"
"Assets/Art/Characters/CharacterArtCatalog.asset","entries.Array.data[2].walkFrames.Array.data[4]","Assets/Art/Characters/bulgasari.aseprite","Frame_7","Unity 참조 확인"
"Assets/Art/Characters/CharacterArtCatalog.asset","entries.Array.data[2].attackFrames.Array.data[0]","Assets/Art/Characters/bulgasari.aseprite","Frame_8","Unity 참조 확인"
"Assets/Art/Characters/CharacterArtCatalog.asset","entries.Array.data[2].attackFrames.Array.data[1]","Assets/Art/Characters/bulgasari.aseprite","Frame_9","Unity 참조 확인"
"Assets/Art/Characters/CharacterArtCatalog.asset","entries.Array.data[2].hitFrames.Array.data[0]","Assets/Art/Characters/bulgasari.aseprite","Frame_10","Unity 참조 확인"
"Assets/Art/Characters/CharacterArtCatalog.asset","entries.Array.data[3].sprite","Assets/Art/Characters/yakwang.aseprite","Frame_0","Unity 참조 확인"
"Assets/Art/Characters/CharacterArtCatalog.asset","entries.Array.data[3].idleFrames.Array.data[0]","Assets/Art/Characters/yakwang.aseprite","Frame_0","Unity 참조 확인"
"Assets/Art/Characters/CharacterArtCatalog.asset","entries.Array.data[3].idleFrames.Array.data[1]","Assets/Art/Characters/yakwang.aseprite","Frame_1","Unity 참조 확인"
"Assets/Art/Characters/CharacterArtCatalog.asset","entries.Array.data[3].idleFrames.Array.data[2]","Assets/Art/Characters/yakwang.aseprite","Frame_2","Unity 참조 확인"
"Assets/Art/Characters/CharacterArtCatalog.asset","entries.Array.data[3].fleeFrames.Array.data[0]","Assets/Art/Characters/yakwang.aseprite","Frame_3","Unity 참조 확인"
"Assets/Art/Characters/CharacterArtCatalog.asset","entries.Array.data[3].fleeFrames.Array.data[1]","Assets/Art/Characters/yakwang.aseprite","Frame_4","Unity 참조 확인"
"Assets/Art/Characters/CharacterArtCatalog.asset","entries.Array.data[3].fleeFrames.Array.data[2]","Assets/Art/Characters/yakwang.aseprite","Frame_5","Unity 참조 확인"
"Assets/Art/Characters/CharacterArtCatalog.asset","entries.Array.data[4].sprite","Assets/Art/Characters/eoduksini.aseprite","Frame_0","Unity 참조 확인"
"Assets/Art/Characters/CharacterArtCatalog.asset","entries.Array.data[4].walkFrames.Array.data[0]","Assets/Art/Characters/eoduksini.aseprite","Frame_0","Unity 참조 확인"
"Assets/Art/Characters/CharacterArtCatalog.asset","entries.Array.data[4].walkFrames.Array.data[1]","Assets/Art/Characters/eoduksini.aseprite","Frame_1","Unity 참조 확인"
"Assets/Art/Characters/CharacterArtCatalog.asset","entries.Array.data[4].walkFrames.Array.data[2]","Assets/Art/Characters/eoduksini.aseprite","Frame_2","Unity 참조 확인"
"Assets/Art/Characters/CharacterArtCatalog.asset","entries.Array.data[4].attackFrames.Array.data[0]","Assets/Art/Characters/eoduksini.aseprite","Frame_3","Unity 참조 확인"
"Assets/Art/Characters/CharacterArtCatalog.asset","entries.Array.data[5].sprite","Assets/Art/Characters/gangcheol.aseprite","gangcheol","Unity 참조 확인"
"Assets/Art/Characters/CharacterArtCatalog.asset","entries.Array.data[5].idleFrames.Array.data[0]","Assets/Art/Characters/gangcheol.aseprite","gangcheol","Unity 참조 확인"
"Assets/Art/Characters/CharacterArtCatalog.asset","entries.Array.data[5].idleFrames.Array.data[1]","Assets/Art/Characters/gangcheol.aseprite","Frame_1","Unity 참조 확인"
"Assets/Art/Characters/CharacterArtCatalog.asset","entries.Array.data[6].sprite","Assets/Art/Characters/gangcheol_body.aseprite","gangcheol_body","Unity 참조 확인"
"Assets/Art/Characters/CharacterArtCatalog.asset","entries.Array.data[7].sprite","Assets/Art/Characters/gangcheol_post_tail.aseprite","gangcheol_post_tail","Unity 참조 확인"
"Assets/Art/Characters/CharacterArtCatalog.asset","entries.Array.data[8].sprite","Assets/Art/Characters/gangcheol_pre_tail.aseprite","gangcheol_pre_tail","Unity 참조 확인"
"Assets/Art/Characters/CharacterArtCatalog.asset","entries.Array.data[9].sprite","Assets/Art/Characters/king_dokkaebi.aseprite","Frame_0","Unity 참조 확인"
"Assets/Art/Characters/CharacterArtCatalog.asset","entries.Array.data[9].idleFrames.Array.data[0]","Assets/Art/Characters/king_dokkaebi.aseprite","Frame_0","Unity 참조 확인"
"Assets/Art/Characters/CharacterArtCatalog.asset","entries.Array.data[9].idleFrames.Array.data[1]","Assets/Art/Characters/king_dokkaebi.aseprite","Frame_1","Unity 참조 확인"
"Assets/Art/Characters/CharacterArtCatalog.asset","entries.Array.data[9].idleFrames.Array.data[2]","Assets/Art/Characters/king_dokkaebi.aseprite","Frame_2","Unity 참조 확인"
"Assets/Art/Characters/CharacterArtCatalog.asset","entries.Array.data[9].walkFrames.Array.data[0]","Assets/Art/Characters/king_dokkaebi.aseprite","Frame_3","Unity 참조 확인"
"Assets/Art/Characters/CharacterArtCatalog.asset","entries.Array.data[9].walkFrames.Array.data[1]","Assets/Art/Characters/king_dokkaebi.aseprite","Frame_4","Unity 참조 확인"
"Assets/Art/Characters/CharacterArtCatalog.asset","entries.Array.data[9].walkFrames.Array.data[2]","Assets/Art/Characters/king_dokkaebi.aseprite","Frame_5","Unity 참조 확인"
"Assets/Art/Characters/CharacterArtCatalog.asset","entries.Array.data[9].walkFrames.Array.data[3]","Assets/Art/Characters/king_dokkaebi.aseprite","Frame_6","Unity 참조 확인"
"Assets/Art/Characters/CharacterArtCatalog.asset","entries.Array.data[9].attackFrames.Array.data[0]","Assets/Art/Characters/king_dokkaebi.aseprite","Frame_9","Unity 참조 확인"
"Assets/Art/Characters/CharacterArtCatalog.asset","entries.Array.data[9].attackFrames.Array.data[1]","Assets/Art/Characters/king_dokkaebi.aseprite","Frame_10","Unity 참조 확인"
"Assets/Art/Characters/CharacterArtCatalog.asset","entries.Array.data[9].attackFrames.Array.data[2]","Assets/Art/Characters/king_dokkaebi.aseprite","Frame_11","Unity 참조 확인"
"Assets/Art/Characters/CharacterArtCatalog.asset","entries.Array.data[9].specialFrames.Array.data[0]","Assets/Art/Characters/king_dokkaebi.aseprite","Frame_12","Unity 참조 확인"
"Assets/Art/Characters/CharacterArtCatalog.asset","entries.Array.data[9].specialFrames.Array.data[1]","Assets/Art/Characters/king_dokkaebi.aseprite","Frame_13","Unity 참조 확인"
"Assets/Art/Characters/CharacterArtCatalog.asset","entries.Array.data[9].specialFrames.Array.data[2]","Assets/Art/Characters/king_dokkaebi.aseprite","Frame_14","Unity 참조 확인"
"Assets/Art/Characters/CharacterArtCatalog.asset","entries.Array.data[9].specialFrames.Array.data[3]","Assets/Art/Characters/king_dokkaebi.aseprite","Frame_15","Unity 참조 확인"
"Assets/Art/Characters/CharacterArtCatalog.asset","entries.Array.data[9].specialFrames.Array.data[4]","Assets/Art/Characters/king_dokkaebi.aseprite","Frame_16","Unity 참조 확인"
"Assets/Art/Characters/CharacterArtCatalog.asset","entries.Array.data[10].sprite","Assets/Art/Characters/mother_bulgasari.aseprite","Frame_0","Unity 참조 확인"
"Assets/Art/Characters/CharacterArtCatalog.asset","entries.Array.data[10].idleFrames.Array.data[0]","Assets/Art/Characters/mother_bulgasari.aseprite","Frame_0","Unity 참조 확인"
"Assets/Art/Characters/CharacterArtCatalog.asset","entries.Array.data[10].idleFrames.Array.data[1]","Assets/Art/Characters/mother_bulgasari.aseprite","Frame_1","Unity 참조 확인"
"Assets/Art/Characters/CharacterArtCatalog.asset","entries.Array.data[10].idleFrames.Array.data[2]","Assets/Art/Characters/mother_bulgasari.aseprite","Frame_2","Unity 참조 확인"
"Assets/Art/Characters/CharacterArtCatalog.asset","entries.Array.data[10].walkFrames.Array.data[0]","Assets/Art/Characters/mother_bulgasari.aseprite","Frame_3","Unity 참조 확인"
"Assets/Art/Characters/CharacterArtCatalog.asset","entries.Array.data[10].walkFrames.Array.data[1]","Assets/Art/Characters/mother_bulgasari.aseprite","Frame_4","Unity 참조 확인"
"Assets/Art/Characters/CharacterArtCatalog.asset","entries.Array.data[10].walkFrames.Array.data[2]","Assets/Art/Characters/mother_bulgasari.aseprite","Frame_5","Unity 참조 확인"
"Assets/Art/Characters/CharacterArtCatalog.asset","entries.Array.data[10].walkFrames.Array.data[3]","Assets/Art/Characters/mother_bulgasari.aseprite","Frame_6","Unity 참조 확인"
"Assets/Art/Characters/CharacterArtCatalog.asset","entries.Array.data[10].attackFrames.Array.data[0]","Assets/Art/Characters/mother_bulgasari.aseprite","Frame_7","Unity 참조 확인"
"Assets/Art/Characters/CharacterArtCatalog.asset","entries.Array.data[10].attackFrames.Array.data[1]","Assets/Art/Characters/mother_bulgasari.aseprite","Frame_8","Unity 참조 확인"
"Assets/Art/Characters/CharacterArtCatalog.asset","entries.Array.data[11].sprite","Assets/Art/Characters/gangcheol.aseprite","gangcheol","Unity 참조 확인"
"Assets/Art/Characters/CharacterArtCatalog.asset","entries.Array.data[11].idleFrames.Array.data[0]","Assets/Art/Characters/gangcheol.aseprite","gangcheol","Unity 참조 확인"
"Assets/Art/Characters/CharacterArtCatalog.asset","entries.Array.data[11].idleFrames.Array.data[1]","Assets/Art/Characters/gangcheol.aseprite","Frame_1","Unity 참조 확인"
"Assets/Art/Characters/CharacterArtCatalog.asset","entries.Array.data[12].sprite","Assets/Art/Characters/imugi_head2.aseprite","Frame_0","Unity 참조 확인"
"Assets/Art/Characters/CharacterArtCatalog.asset","entries.Array.data[12].idleFrames.Array.data[0]","Assets/Art/Characters/imugi_head2.aseprite","Frame_0","Unity 참조 확인"
"Assets/Art/Characters/CharacterArtCatalog.asset","entries.Array.data[13].sprite","Assets/Art/Characters/imugi_body.aseprite","imugi_body","Unity 참조 확인"
"Assets/Art/Characters/CharacterArtCatalog.asset","entries.Array.data[14].sprite","Assets/Art/Characters/imugi_pre_tail.aseprite","imugi_pre_tail","Unity 참조 확인"
"Assets/Art/Characters/CharacterArtCatalog.asset","entries.Array.data[15].sprite","Assets/Art/Characters/imugi_post_tail.aseprite","imugi_post_tail","Unity 참조 확인"
"Assets/Art/Characters/CharacterArtCatalog.asset","entries.Array.data[16].sprite","Assets/Art/Characters/gaekgwi.aseprite","Frame_0","Unity 참조 확인"
"Assets/Art/Characters/CharacterArtCatalog.asset","entries.Array.data[16].idleFrames.Array.data[0]","Assets/Art/Characters/gaekgwi.aseprite","Frame_0","Unity 참조 확인"
"Assets/Art/Characters/CharacterArtCatalog.asset","entries.Array.data[16].idleFrames.Array.data[1]","Assets/Art/Characters/gaekgwi.aseprite","Frame_1","Unity 참조 확인"
"Assets/Art/Characters/CharacterArtCatalog.asset","entries.Array.data[16].idleFrames.Array.data[2]","Assets/Art/Characters/gaekgwi.aseprite","Frame_2","Unity 참조 확인"
"Assets/Art/Characters/CharacterArtCatalog.asset","entries.Array.data[16].attackFrames.Array.data[0]","Assets/Art/Characters/gaekgwi.aseprite","Frame_6","Unity 참조 확인"
"Assets/Art/Characters/CharacterArtCatalog.asset","entries.Array.data[16].attackFrames.Array.data[1]","Assets/Art/Characters/gaekgwi.aseprite","Frame_7","Unity 참조 확인"
"Assets/Art/Characters/CharacterArtCatalog.asset","entries.Array.data[16].attackFrames.Array.data[2]","Assets/Art/Characters/gaekgwi.aseprite","Frame_8","Unity 참조 확인"
"Assets/Art/Characters/CharacterArtCatalog.asset","entries.Array.data[16].specialFrames.Array.data[0]","Assets/Art/Characters/gaekgwi.aseprite","Frame_3","Unity 참조 확인"
"Assets/Art/Characters/CharacterArtCatalog.asset","entries.Array.data[16].specialFrames.Array.data[1]","Assets/Art/Characters/gaekgwi.aseprite","Frame_4","Unity 참조 확인"
"Assets/Art/Characters/CharacterArtCatalog.asset","entries.Array.data[16].specialFrames.Array.data[2]","Assets/Art/Characters/gaekgwi.aseprite","Frame_5","Unity 참조 확인"
"Assets/Art/Characters/CharacterArtCatalog.asset","entries.Array.data[16].dashEffectFrames.Array.data[0]","Assets/Art/Characters/gaekgwi_dash_horizontal.aseprite","Frame_0","Unity 참조 확인"
"Assets/Art/Characters/CharacterArtCatalog.asset","entries.Array.data[16].dashEffectFrames.Array.data[1]","Assets/Art/Characters/gaekgwi_dash_horizontal.aseprite","Frame_1","Unity 참조 확인"
"Assets/Art/Characters/CharacterArtCatalog.asset","entries.Array.data[16].dashEffectFrames.Array.data[2]","Assets/Art/Characters/gaekgwi_dash_horizontal.aseprite","Frame_2","Unity 참조 확인"
"Assets/Art/Characters/CharacterArtCatalog.asset","entries.Array.data[16].dashEffectFrames.Array.data[3]","Assets/Art/Characters/gaekgwi_dash_horizontal.aseprite","Frame_3","Unity 참조 확인"
"Assets/Art/Characters/CharacterArtCatalog.asset","entries.Array.data[16].dashEffectFrames.Array.data[4]","Assets/Art/Characters/gaekgwi_dash_horizontal.aseprite","Frame_4","Unity 참조 확인"
"Assets/Art/Characters/CharacterArtCatalog.asset","entries.Array.data[16].impactEffectFrames.Array.data[0]","Assets/Art/Characters/gaekgwi_cold.aseprite","Frame_0","Unity 참조 확인"
"Assets/Art/Characters/CharacterArtCatalog.asset","entries.Array.data[16].impactEffectFrames.Array.data[1]","Assets/Art/Characters/gaekgwi_cold.aseprite","Frame_1","Unity 참조 확인"
"Assets/Art/Characters/CharacterArtCatalog.asset","entries.Array.data[16].impactEffectFrames.Array.data[2]","Assets/Art/Characters/gaekgwi_cold.aseprite","Frame_2","Unity 참조 확인"
"Assets/Art/Characters/CharacterArtCatalog.asset","entries.Array.data[16].impactEffectFrames.Array.data[3]","Assets/Art/Characters/gaekgwi_cold.aseprite","Frame_3","Unity 참조 확인"
"Assets/Art/Characters/CharacterArtCatalog.asset","entries.Array.data[16].impactEffectFrames.Array.data[4]","Assets/Art/Characters/gaekgwi_cold.aseprite","Frame_4","Unity 참조 확인"
"Assets/Art/Characters/CharacterArtCatalog.asset","entries.Array.data[16].impactEffectFrames.Array.data[5]","Assets/Art/Characters/gaekgwi_cold.aseprite","Frame_5","Unity 참조 확인"
"Assets/Art/Characters/CharacterArtCatalog.asset","entries.Array.data[17].sprite","Assets/Art/Characters/magpie.aseprite","Frame_0","Unity 참조 확인"
"Assets/Art/Characters/CharacterArtCatalog.asset","entries.Array.data[17].idleFrames.Array.data[0]","Assets/Art/Characters/magpie.aseprite","Frame_0","Unity 참조 확인"
"Assets/Art/Characters/CharacterArtCatalog.asset","entries.Array.data[17].walkFrames.Array.data[0]","Assets/Art/Characters/magpie.aseprite","Frame_1","Unity 참조 확인"
"Assets/Art/Characters/CharacterArtCatalog.asset","entries.Array.data[17].walkFrames.Array.data[1]","Assets/Art/Characters/magpie.aseprite","Frame_2","Unity 참조 확인"
"Assets/Art/Characters/CharacterArtCatalog.asset","entries.Array.data[17].attackFrames.Array.data[0]","Assets/Art/Characters/magpie.aseprite","Frame_3","Unity 참조 확인"
"Assets/Art/Decorations/WorldDecorationArtCatalog.asset","entries.Array.data[0].frames.Array.data[0]","Assets/Art/Decorations/grass.aseprite","grass","Unity 참조 확인"
"Assets/Art/Decorations/WorldDecorationArtCatalog.asset","entries.Array.data[1].frames.Array.data[0]","Assets/Art/Decorations/grass_dry.aseprite","grass_dry","Unity 참조 확인"
"Assets/Art/Decorations/WorldDecorationArtCatalog.asset","entries.Array.data[2].frames.Array.data[0]","Assets/Art/Decorations/hemp.aseprite","hemp","Unity 참조 확인"
"Assets/Art/Decorations/WorldDecorationArtCatalog.asset","entries.Array.data[3].frames.Array.data[0]","Assets/Art/Decorations/tree.aseprite","tree","Unity 참조 확인"
"Assets/Art/Decorations/WorldDecorationArtCatalog.asset","entries.Array.data[4].frames.Array.data[0]","Assets/Art/Decorations/tree.aseprite","tree","Unity 참조 확인"
"Assets/Art/Decorations/WorldDecorationArtCatalog.asset","entries.Array.data[5].frames.Array.data[0]","Assets/Art/Decorations/tree.aseprite","tree","Unity 참조 확인"
"Assets/Art/Decorations/WorldDecorationArtCatalog.asset","entries.Array.data[6].frames.Array.data[0]","Assets/Art/Decorations/ruin_pillar.aseprite","ruin_pillar","Unity 참조 확인"
"Assets/Art/Decorations/WorldDecorationArtCatalog.asset","entries.Array.data[7].frames.Array.data[0]","Assets/Art/Decorations/ruin_rebar.aseprite","ruin_rebar","Unity 참조 확인"
"Assets/Art/Gameplay/GameplayArtCatalog.asset","temperatureFrames.Array.data[0]","Assets/Art/Gameplay/temperature.aseprite","Frame_0","Unity 참조 확인"
"Assets/Art/Gameplay/GameplayArtCatalog.asset","temperatureFrames.Array.data[1]","Assets/Art/Gameplay/temperature.aseprite","Frame_1","Unity 참조 확인"
"Assets/Art/Gameplay/GameplayArtCatalog.asset","temperatureFrames.Array.data[2]","Assets/Art/Gameplay/temperature.aseprite","Frame_2","Unity 참조 확인"
"Assets/Art/Gameplay/GameplayArtCatalog.asset","temperatureFrames.Array.data[3]","Assets/Art/Gameplay/temperature.aseprite","Frame_3","Unity 참조 확인"
"Assets/Art/Gameplay/GameplayArtCatalog.asset","temperatureFrames.Array.data[4]","Assets/Art/Gameplay/temperature.aseprite","Frame_4","Unity 참조 확인"
"Assets/Art/Gameplay/GameplayArtCatalog.asset","temperatureFrames.Array.data[5]","Assets/Art/Gameplay/temperature.aseprite","Frame_5","Unity 참조 확인"
"Assets/Art/Gameplay/GameplayArtCatalog.asset","temperatureFrames.Array.data[6]","Assets/Art/Gameplay/temperature.aseprite","Frame_6","Unity 참조 확인"
"Assets/Art/Gameplay/GameplayArtCatalog.asset","temperatureFrames.Array.data[7]","Assets/Art/Gameplay/temperature.aseprite","Frame_7","Unity 참조 확인"
"Assets/Art/Gameplay/GameplayArtCatalog.asset","temperatureFrames.Array.data[8]","Assets/Art/Gameplay/temperature.aseprite","Frame_8","Unity 참조 확인"
"Assets/Art/Gameplay/GameplayArtCatalog.asset","temperatureFrames.Array.data[9]","Assets/Art/Gameplay/temperature.aseprite","Frame_9","Unity 참조 확인"
"Assets/Art/Gameplay/GameplayArtCatalog.asset","temperatureFrames.Array.data[10]","Assets/Art/Gameplay/temperature.aseprite","Frame_10","Unity 참조 확인"
"Assets/Art/Gameplay/GameplayArtCatalog.asset","temperatureFrames.Array.data[11]","Assets/Art/Gameplay/temperature.aseprite","Frame_11","Unity 참조 확인"
"Assets/Art/Gameplay/GameplayArtCatalog.asset","playerAttackFrames.Array.data[0]","Assets/Art/Gameplay/player_attack.aseprite","Frame_0","Unity 참조 확인"
"Assets/Art/Gameplay/GameplayArtCatalog.asset","playerAttackFrames.Array.data[1]","Assets/Art/Gameplay/player_attack.aseprite","Frame_1","Unity 참조 확인"
"Assets/Art/Gameplay/GameplayArtCatalog.asset","playerAttackFrames.Array.data[2]","Assets/Art/Gameplay/player_attack.aseprite","Frame_2","Unity 참조 확인"
"Assets/Art/Gameplay/GameplayArtCatalog.asset","playerAttackFrames.Array.data[3]","Assets/Art/Gameplay/player_attack.aseprite","Frame_3","Unity 참조 확인"
"Assets/Art/Gameplay/GameplayArtCatalog.asset","miningCrackFrames.Array.data[0]","Assets/Art/Gameplay/mining_crack.aseprite","Frame_0","Unity 참조 확인"
"Assets/Art/Gameplay/GameplayArtCatalog.asset","miningCrackFrames.Array.data[1]","Assets/Art/Gameplay/mining_crack.aseprite","Frame_1","Unity 참조 확인"
"Assets/Art/Gameplay/GameplayArtCatalog.asset","miningCrackFrames.Array.data[2]","Assets/Art/Gameplay/mining_crack.aseprite","Frame_2","Unity 참조 확인"
"Assets/Art/Gameplay/GameplayArtCatalog.asset","miningBreakFrames.Array.data[0]","Assets/Art/Gameplay/mining_break.aseprite","Frame_0","Unity 참조 확인"
"Assets/Art/Gameplay/GameplayArtCatalog.asset","miningBreakFrames.Array.data[1]","Assets/Art/Gameplay/mining_break.aseprite","Frame_1","Unity 참조 확인"
"Assets/Art/Gameplay/GameplayArtCatalog.asset","miningCriticalFrames.Array.data[0]","Assets/Art/Gameplay/mining_critical.aseprite","mining_critical","Unity 참조 확인"
"Assets/Art/Gameplay/GameplayArtCatalog.asset","bossWarningFrames.Array.data[0]","Assets/Art/Gameplay/boss_warning.aseprite","Frame_0","Unity 참조 확인"
"Assets/Art/Gameplay/GameplayArtCatalog.asset","bossWarningFrames.Array.data[1]","Assets/Art/Gameplay/boss_warning.aseprite","Frame_1","Unity 참조 확인"
"Assets/Art/Gameplay/GameplayArtCatalog.asset","bossWarningFrames.Array.data[2]","Assets/Art/Gameplay/boss_warning.aseprite","Frame_2","Unity 참조 확인"
"Assets/Art/Gameplay/GameplayArtCatalog.asset","bossWarningFrames.Array.data[3]","Assets/Art/Gameplay/boss_warning.aseprite","Frame_3","Unity 참조 확인"
"Assets/Art/Gameplay/GameplayArtCatalog.asset","bossWarningFrames.Array.data[4]","Assets/Art/Gameplay/boss_warning.aseprite","Frame_4","Unity 참조 확인"
"Assets/Art/Gameplay/GameplayArtCatalog.asset","gangcheoriSpecialFireFrames.Array.data[0]","Assets/Art/Gameplay/gangcheori_special_fire.aseprite","Frame_0","Unity 참조 확인"
"Assets/Art/Gameplay/GameplayArtCatalog.asset","gangcheoriSpecialFireFrames.Array.data[1]","Assets/Art/Gameplay/gangcheori_special_fire.aseprite","Frame_1","Unity 참조 확인"
"Assets/Art/Gameplay/GameplayArtCatalog.asset","gangcheoriSpecialFireFrames.Array.data[2]","Assets/Art/Gameplay/gangcheori_special_fire.aseprite","Frame_2","Unity 참조 확인"
"Assets/Art/Gameplay/GameplayArtCatalog.asset","gangcheoriSpecialFireFrames.Array.data[3]","Assets/Art/Gameplay/gangcheori_special_fire.aseprite","Frame_3","Unity 참조 확인"
"Assets/Art/Gameplay/GameplayArtCatalog.asset","playerFireHitFrames.Array.data[0]","Assets/Art/Gameplay/player_fire_hit.aseprite","Frame_0","Unity 참조 확인"
"Assets/Art/Gameplay/GameplayArtCatalog.asset","playerFireHitFrames.Array.data[1]","Assets/Art/Gameplay/player_fire_hit.aseprite","Frame_1","Unity 참조 확인"
"Assets/Art/Gameplay/GameplayArtCatalog.asset","playerFireHitFrames.Array.data[2]","Assets/Art/Gameplay/player_fire_hit.aseprite","Frame_2","Unity 참조 확인"
"Assets/Art/Gameplay/GameplayArtCatalog.asset","imugiElectricAttackFrames.Array.data[0]","Assets/Art/Gameplay/imugi_electric_attack.aseprite","Frame_0","Unity 참조 확인"
"Assets/Art/Gameplay/GameplayArtCatalog.asset","imugiElectricAttackFrames.Array.data[1]","Assets/Art/Gameplay/imugi_electric_attack.aseprite","Frame_1","Unity 참조 확인"
"Assets/Art/Gameplay/GameplayArtCatalog.asset","imugiElectricAttackFrames.Array.data[2]","Assets/Art/Gameplay/imugi_electric_attack.aseprite","Frame_2","Unity 참조 확인"
"Assets/Art/Gameplay/GameplayArtCatalog.asset","imugiElectricAttackFrames.Array.data[3]","Assets/Art/Gameplay/imugi_electric_attack.aseprite","Frame_3","Unity 참조 확인"
"Assets/Art/Gameplay/GameplayArtCatalog.asset","imugiElectricAttackFrames.Array.data[4]","Assets/Art/Gameplay/imugi_electric_attack.aseprite","Frame_4","Unity 참조 확인"
"Assets/Art/Gameplay/GameplayArtCatalog.asset","imugiElectricAttackFrames.Array.data[5]","Assets/Art/Gameplay/imugi_electric_attack.aseprite","Frame_5","Unity 참조 확인"
"Assets/Art/Gameplay/GameplayArtCatalog.asset","imugiElectricAttackFrames.Array.data[6]","Assets/Art/Gameplay/imugi_electric_attack.aseprite","Frame_6","Unity 참조 확인"
"Assets/Art/Gameplay/GameplayArtCatalog.asset","blueProjectileFrames.Array.data[0]","Assets/Art/Gameplay/blue_projectile.aseprite","Frame_2","Unity 참조 확인"
"Assets/Art/Gameplay/GameplayArtCatalog.asset","blueProjectileFrames.Array.data[1]","Assets/Art/Gameplay/blue_projectile.aseprite","Frame_3","Unity 참조 확인"
"Assets/Art/Gameplay/GameplayArtCatalog.asset","blueProjectileFrames.Array.data[2]","Assets/Art/Gameplay/blue_projectile.aseprite","Frame_4","Unity 참조 확인"
"Assets/Art/Gameplay/GameplayArtCatalog.asset","dayCounterFrames.Array.data[0]","Assets/Art/UI/day_counter.aseprite","Frame_0","Unity 참조 확인"
"Assets/Art/Gameplay/GameplayArtCatalog.asset","dayCounterFrames.Array.data[1]","Assets/Art/UI/day_counter.aseprite","Frame_1","Unity 참조 확인"
"Assets/Art/Gameplay/GameplayArtCatalog.asset","dayCounterFrames.Array.data[2]","Assets/Art/UI/day_counter.aseprite","Frame_2","Unity 참조 확인"
"Assets/Art/Gameplay/GameplayArtCatalog.asset","dayCounterFrames.Array.data[3]","Assets/Art/UI/day_counter.aseprite","Frame_3","Unity 참조 확인"
"Assets/Art/Gameplay/GameplayArtCatalog.asset","dayCounterFrames.Array.data[4]","Assets/Art/UI/day_counter.aseprite","Frame_4","Unity 참조 확인"
"Assets/Art/Gameplay/GameplayArtCatalog.asset","dayCounterFrames.Array.data[5]","Assets/Art/UI/day_counter.aseprite","Frame_5","Unity 참조 확인"
"Assets/Art/Gameplay/GameplayArtCatalog.asset","dayCounterFrames.Array.data[6]","Assets/Art/UI/day_counter.aseprite","Frame_6","Unity 참조 확인"
"Assets/Art/Gameplay/GameplayArtCatalog.asset","dayCounterFrames.Array.data[7]","Assets/Art/UI/day_counter.aseprite","Frame_7","Unity 참조 확인"
"Assets/Art/Gameplay/GameplayArtCatalog.asset","dayCounterFrames.Array.data[8]","Assets/Art/UI/day_counter.aseprite","Frame_8","Unity 참조 확인"
"Assets/Art/Gameplay/GameplayArtCatalog.asset","dayCounterFrames.Array.data[9]","Assets/Art/UI/day_counter.aseprite","Frame_9","Unity 참조 확인"
"Assets/Art/Gameplay/GameplayArtCatalog.asset","dayCounterFrames.Array.data[10]","Assets/Art/UI/day_counter.aseprite","Frame_10","Unity 참조 확인"
"Assets/Art/Gameplay/GameplayArtCatalog.asset","dayCounterFrames.Array.data[11]","Assets/Art/UI/day_counter.aseprite","Frame_11","Unity 참조 확인"
"Assets/Art/Gameplay/GameplayArtCatalog.asset","dayCounterFrames.Array.data[12]","Assets/Art/UI/day_counter.aseprite","Frame_12","Unity 참조 확인"
"Assets/Art/Gameplay/GameplayArtCatalog.asset","dayCounterFrames.Array.data[13]","Assets/Art/UI/day_counter.aseprite","Frame_13","Unity 참조 확인"
"Assets/Art/Gameplay/GameplayArtCatalog.asset","dayCounterFrames.Array.data[14]","Assets/Art/UI/day_counter.aseprite","Frame_14","Unity 참조 확인"
"Assets/Art/Gameplay/GameplayArtCatalog.asset","dayCounterFrames.Array.data[15]","Assets/Art/UI/day_counter.aseprite","Frame_15","Unity 참조 확인"
"Assets/Art/Gameplay/GameplayArtCatalog.asset","dayCounterFrames.Array.data[16]","Assets/Art/UI/day_counter.aseprite","Frame_16","Unity 참조 확인"
"Assets/Art/Gameplay/GameplayArtCatalog.asset","dayNightClockFrames.Array.data[0]","Assets/Art/UI/day_night_clock.aseprite","Frame_0","Unity 참조 확인"
"Assets/Art/Gameplay/GameplayArtCatalog.asset","dayNightClockFrames.Array.data[1]","Assets/Art/UI/day_night_clock.aseprite","Frame_1","Unity 참조 확인"
"Assets/Art/Gameplay/GameplayArtCatalog.asset","dayNightClockFrames.Array.data[2]","Assets/Art/UI/day_night_clock.aseprite","Frame_2","Unity 참조 확인"
"Assets/Art/Gameplay/GameplayArtCatalog.asset","dayNightClockFrames.Array.data[3]","Assets/Art/UI/day_night_clock.aseprite","Frame_3","Unity 참조 확인"
"Assets/Art/Gameplay/GameplayArtCatalog.asset","dayNightClockFrames.Array.data[4]","Assets/Art/UI/day_night_clock.aseprite","Frame_4","Unity 참조 확인"
"Assets/Art/Gameplay/GameplayArtCatalog.asset","dayNightClockFrames.Array.data[5]","Assets/Art/UI/day_night_clock.aseprite","Frame_5","Unity 참조 확인"
"Assets/Art/Gameplay/GameplayArtCatalog.asset","yokaiTearBalanceFrames.Array.data[0]","Assets/Art/UI/yokai_tear_balance.aseprite","Frame_0","Unity 참조 확인"
"Assets/Art/Gameplay/GameplayArtCatalog.asset","yokaiTearBalanceFrames.Array.data[1]","Assets/Art/UI/yokai_tear_balance.aseprite","Frame_1","Unity 참조 확인"
"Assets/Art/Gameplay/GameplayArtCatalog.asset","yokaiTearBalanceFrames.Array.data[2]","Assets/Art/UI/yokai_tear_balance.aseprite","Frame_2","Unity 참조 확인"
"Assets/Art/Gameplay/GameplayArtCatalog.asset","yokaiTearBalanceFrames.Array.data[3]","Assets/Art/UI/yokai_tear_balance.aseprite","Frame_3","Unity 참조 확인"
"Assets/Art/Gameplay/GameplayArtCatalog.asset","fuelGaugeFrames.Array.data[0]","Assets/Art/UI/fuel_gauge.aseprite","Frame_0","Unity 참조 확인"
"Assets/Art/Gameplay/GameplayArtCatalog.asset","fuelGaugeFrames.Array.data[1]","Assets/Art/UI/fuel_gauge.aseprite","Frame_1","Unity 참조 확인"
"Assets/Art/Gameplay/GameplayArtCatalog.asset","fuelGaugeFrames.Array.data[2]","Assets/Art/UI/fuel_gauge.aseprite","Frame_2","Unity 참조 확인"
"Assets/Art/Gameplay/GameplayArtCatalog.asset","fuelGaugeFrames.Array.data[3]","Assets/Art/UI/fuel_gauge.aseprite","Frame_3","Unity 참조 확인"
"Assets/Art/Gameplay/GameplayArtCatalog.asset","saveIndicatorFrames.Array.data[0]","Assets/Art/UI/save_indicator.aseprite","Frame_0","Unity 참조 확인"
"Assets/Art/Gameplay/GameplayArtCatalog.asset","saveIndicatorFrames.Array.data[1]","Assets/Art/UI/save_indicator.aseprite","Frame_1","Unity 참조 확인"
"Assets/Art/Gameplay/GameplayArtCatalog.asset","saveIndicatorFrames.Array.data[2]","Assets/Art/UI/save_indicator.aseprite","Frame_2","Unity 참조 확인"
"Assets/Art/Gameplay/GameplayArtCatalog.asset","saveIndicatorFrames.Array.data[3]","Assets/Art/UI/save_indicator.aseprite","Frame_3","Unity 참조 확인"
"Assets/Art/Gameplay/GameplayArtCatalog.asset","saveIndicatorFrames.Array.data[4]","Assets/Art/UI/save_indicator.aseprite","Frame_4","Unity 참조 확인"
"Assets/Art/Gameplay/GameplayArtCatalog.asset","saveIndicatorFrames.Array.data[5]","Assets/Art/UI/save_indicator.aseprite","Frame_5","Unity 참조 확인"
"Assets/Art/Gameplay/GameplayArtCatalog.asset","playerVitalsFrames.Array.data[0]","Assets/Art/UI/player_vitals_combined.aseprite","Frame_0","Unity 참조 확인"
"Assets/Art/Gameplay/GameplayArtCatalog.asset","playerVitalsFrames.Array.data[1]","Assets/Art/UI/player_vitals_combined.aseprite","Frame_1","Unity 참조 확인"
"Assets/Art/Gameplay/GameplayArtCatalog.asset","playerVitalsFrames.Array.data[2]","Assets/Art/UI/player_vitals_combined.aseprite","Frame_2","Unity 참조 확인"
"Assets/Art/Gameplay/GameplayArtCatalog.asset","playerVitalsFrames.Array.data[3]","Assets/Art/UI/player_vitals_combined.aseprite","Frame_3","Unity 참조 확인"
"Assets/Art/Gameplay/GameplayArtCatalog.asset","playerVitalsFrames.Array.data[4]","Assets/Art/UI/player_vitals_combined.aseprite","Frame_4","Unity 참조 확인"
"Assets/Art/Gameplay/GameplayArtCatalog.asset","playerVitalsFrames.Array.data[5]","Assets/Art/UI/player_vitals_combined.aseprite","Frame_5","Unity 참조 확인"
"Assets/Art/Gameplay/GameplayArtCatalog.asset","playerVitalsFrames.Array.data[6]","Assets/Art/UI/player_vitals_combined.aseprite","Frame_6","Unity 참조 확인"
"Assets/Art/Gameplay/GameplayArtCatalog.asset","playerVitalsFrames.Array.data[7]","Assets/Art/UI/player_vitals_combined.aseprite","Frame_7","Unity 참조 확인"
"Assets/Art/Gameplay/GameplayArtCatalog.asset","playerVitalsFrames.Array.data[8]","Assets/Art/UI/player_vitals_combined.aseprite","Frame_8","Unity 참조 확인"
"Assets/Art/Gameplay/GameplayArtCatalog.asset","playerVitalsFrames.Array.data[9]","Assets/Art/UI/player_vitals_combined.aseprite","Frame_9","Unity 참조 확인"
"Assets/Art/Gameplay/GameplayArtCatalog.asset","playerVitalsFrames.Array.data[10]","Assets/Art/UI/player_vitals_combined.aseprite","Frame_10","Unity 참조 확인"
"Assets/Art/Gameplay/GameplayArtCatalog.asset","playerVitalsFrames.Array.data[11]","Assets/Art/UI/player_vitals_combined.aseprite","Frame_11","Unity 참조 확인"
"Assets/Art/Gameplay/GameplayArtCatalog.asset","button1x1Frames.Array.data[0]","Assets/Art/UI/Common/button_1x1.aseprite","Frame_0","Unity 참조 확인"
"Assets/Art/Gameplay/GameplayArtCatalog.asset","button1x1Frames.Array.data[1]","Assets/Art/UI/Common/button_1x1.aseprite","Frame_1","Unity 참조 확인"
"Assets/Art/Gameplay/GameplayArtCatalog.asset","button1x2Frames.Array.data[0]","Assets/Art/UI/Common/button_1x2.aseprite","Frame_0","Unity 참조 확인"
"Assets/Art/Gameplay/GameplayArtCatalog.asset","button1x2Frames.Array.data[1]","Assets/Art/UI/Common/button_1x2.aseprite","Frame_1","Unity 참조 확인"
"Assets/Art/Gameplay/GameplayArtCatalog.asset","button1x4Frames.Array.data[0]","Assets/Art/UI/Common/button_1x4.aseprite","Frame_0","Unity 참조 확인"
"Assets/Art/Gameplay/GameplayArtCatalog.asset","button1x4Frames.Array.data[1]","Assets/Art/UI/Common/button_1x4.aseprite","Frame_1","Unity 참조 확인"
"Assets/Art/Gameplay/GameplayArtCatalog.asset","button1x6Frames.Array.data[0]","Assets/Art/UI/Common/button_1x6.aseprite","Frame_0","Unity 참조 확인"
"Assets/Art/Gameplay/GameplayArtCatalog.asset","button1x6Frames.Array.data[1]","Assets/Art/UI/Common/button_1x6.aseprite","Frame_1","Unity 참조 확인"
"Assets/Art/Gameplay/GameplayArtCatalog.asset","shellNumberGlyphs.Array.data[0]","Assets/Art/UI/Shell/glyph_d.aseprite","glyph_d","Unity 참조 확인"
"Assets/Art/Gameplay/GameplayArtCatalog.asset","shellNumberGlyphs.Array.data[1]","Assets/Art/UI/Shell/glyph_dash.aseprite","glyph_dash","Unity 참조 확인"
"Assets/Art/Gameplay/GameplayArtCatalog.asset","shellNumberGlyphs.Array.data[2]","Assets/Art/UI/Shell/glyph_colon.aseprite","glyph_colon","Unity 참조 확인"
"Assets/Art/Gameplay/GameplayArtCatalog.asset","shellNumberGlyphs.Array.data[3]","Assets/Art/UI/Shell/digit_0.aseprite","digit_0","Unity 참조 확인"
"Assets/Art/Gameplay/GameplayArtCatalog.asset","shellNumberGlyphs.Array.data[4]","Assets/Art/UI/Shell/digit_1.aseprite","digit_1","Unity 참조 확인"
"Assets/Art/Gameplay/GameplayArtCatalog.asset","shellNumberGlyphs.Array.data[5]","Assets/Art/UI/Shell/digit_2.aseprite","digit_2","Unity 참조 확인"
"Assets/Art/Gameplay/GameplayArtCatalog.asset","shellNumberGlyphs.Array.data[6]","Assets/Art/UI/Shell/digit_3.aseprite","digit_3","Unity 참조 확인"
"Assets/Art/Gameplay/GameplayArtCatalog.asset","shellNumberGlyphs.Array.data[7]","Assets/Art/UI/Shell/digit_4.aseprite","digit_4","Unity 참조 확인"
"Assets/Art/Gameplay/GameplayArtCatalog.asset","shellNumberGlyphs.Array.data[8]","Assets/Art/UI/Shell/digit_5.aseprite","digit_5","Unity 참조 확인"
"Assets/Art/Gameplay/GameplayArtCatalog.asset","shellNumberGlyphs.Array.data[9]","Assets/Art/UI/Shell/digit_6.aseprite","digit_6","Unity 참조 확인"
"Assets/Art/Gameplay/GameplayArtCatalog.asset","shellNumberGlyphs.Array.data[10]","Assets/Art/UI/Shell/digit_7.aseprite","digit_7","Unity 참조 확인"
"Assets/Art/Gameplay/GameplayArtCatalog.asset","shellNumberGlyphs.Array.data[11]","Assets/Art/UI/Shell/digit_8.aseprite","digit_8","Unity 참조 확인"
"Assets/Art/Gameplay/GameplayArtCatalog.asset","shellNumberGlyphs.Array.data[12]","Assets/Art/UI/Shell/digit_9.aseprite","digit_9","Unity 참조 확인"
"Assets/Art/Gameplay/GameplayArtCatalog.asset","dangerIcon","Assets/Art/UI/danger_icon.aseprite","danger_icon","Unity 참조 확인"
"Assets/Art/Gameplay/GameplayArtCatalog.asset","bossWarningLarge","Assets/Art/UI/Boss/boss_warning_32.aseprite","boss_warning_32","Unity 참조 확인"
"Assets/Art/Gameplay/GameplayArtCatalog.asset","bossWarningSmall","Assets/Art/UI/Boss/boss_warning_16.aseprite","boss_warning_16","Unity 참조 확인"
"Assets/Art/Gameplay/GameplayArtCatalog.asset","bossHealthFrame","Assets/Art/UI/Boss/boss_health_frame.aseprite","boss_health_frame","Unity 참조 확인"
"Assets/Art/Gameplay/GameplayArtCatalog.asset","bossHealthGangcheol","Assets/Art/UI/Boss/boss_health_gangcheol.aseprite","boss_health_gangcheol","Unity 참조 확인"
"Assets/Art/Gameplay/GameplayArtCatalog.asset","bossHealthKingDokkaebi","Assets/Art/UI/Boss/boss_health_king_dokkaebi.aseprite","boss_health_king_dokkaebi","Unity 참조 확인"
"Assets/Art/Gameplay/GameplayArtCatalog.asset","bossHealthMotherBulgasari","Assets/Art/UI/Boss/boss_health_mother_bulgasari.aseprite","boss_health_mother_bulgasari","Unity 참조 확인"
"Assets/Art/Gameplay/GameplayArtCatalog.asset","bossHealthImugi","Assets/Art/UI/Boss/boss_health_imugi.aseprite","boss_health_imugi","Unity 참조 확인"
"Assets/Art/Gameplay/GameplayArtCatalog.asset","inventoryPanel","Assets/Art/UI/Inventory/inventory_panel.aseprite","inventory_panel","Unity 참조 확인"
"Assets/Art/Gameplay/GameplayArtCatalog.asset","inventorySlot","Assets/Art/UI/Inventory/inventory_slot.aseprite","inventory_slot","Unity 참조 확인"
"Assets/Art/Gameplay/GameplayArtCatalog.asset","inventorySlotSelected","Assets/Art/UI/Inventory/inventory_slot_selected.aseprite","inventory_slot_selected","Unity 참조 확인"
"Assets/Art/Gameplay/GameplayArtCatalog.asset","inventorySlotTopSelected","Assets/Art/UI/Inventory/inventory_slot_top_selected.aseprite","inventory_slot_top_selected","Unity 참조 확인"
"Assets/Art/Gameplay/GameplayArtCatalog.asset","equipmentCharacter","Assets/Art/UI/Inventory/equipment_character.aseprite","equipment_character","Unity 참조 확인"
"Assets/Art/Gameplay/GameplayArtCatalog.asset","equipmentHeadSlot","Assets/Art/UI/Inventory/equipment_head_slot.aseprite","equipment_head_slot","Unity 참조 확인"
"Assets/Art/Gameplay/GameplayArtCatalog.asset","equipmentHeadSlotSelected","Assets/Art/UI/Inventory/equipment_head_slot_selected.aseprite","equipment_head_slot_selected","Unity 참조 확인"
"Assets/Art/Gameplay/GameplayArtCatalog.asset","equipmentBodySlot","Assets/Art/UI/Inventory/equipment_body_slot.aseprite","equipment_body_slot","Unity 참조 확인"
"Assets/Art/Gameplay/GameplayArtCatalog.asset","equipmentBodySlotSelected","Assets/Art/UI/Inventory/equipment_body_slot_selected.aseprite","equipment_body_slot_selected","Unity 참조 확인"
"Assets/Art/Gameplay/GameplayArtCatalog.asset","equipmentFeetSlot","Assets/Art/UI/Inventory/equipment_feet_slot.aseprite","equipment_feet_slot","Unity 참조 확인"
"Assets/Art/Gameplay/GameplayArtCatalog.asset","equipmentFeetSlotSelected","Assets/Art/UI/Inventory/equipment_feet_slot_selected.aseprite","equipment_feet_slot_selected","Unity 참조 확인"
"Assets/Art/Gameplay/GameplayArtCatalog.asset","equipmentAccessorySlot","Assets/Art/UI/Inventory/equipment_accessory_slot.aseprite","equipment_accessory_slot","Unity 참조 확인"
"Assets/Art/Gameplay/GameplayArtCatalog.asset","equipmentAccessorySlotSelected","Assets/Art/UI/Inventory/equipment_accessory_slot_selected.aseprite","equipment_accessory_slot_selected","Unity 참조 확인"
"Assets/Art/Gameplay/GameplayArtCatalog.asset","activeItemSlot","Assets/Art/UI/Inventory/active_item_slot.aseprite","active_item_slot","Unity 참조 확인"
"Assets/Art/Gameplay/GameplayArtCatalog.asset","activeItemSlotSelected","Assets/Art/UI/Inventory/active_item_slot_selected.aseprite","active_item_slot_selected","Unity 참조 확인"
"Assets/Art/Gameplay/GameplayArtCatalog.asset","tilePaletteSlotSelected","Assets/Art/UI/Inventory/tile_palette_slot_selected.aseprite","tile_palette_slot_selected","Unity 참조 확인"
"Assets/Art/Gameplay/GameplayArtCatalog.asset","jangdokStorageGrid","Assets/Art/UI/Inventory/jangdok_storage_grid.aseprite","jangdok_storage_grid","Unity 참조 확인"
"Assets/Art/Gameplay/GameplayArtCatalog.asset","codexCard","Assets/Art/UI/Common/codex_card.aseprite","codex_card","Unity 참조 확인"
"Assets/Art/Gameplay/GameplayArtCatalog.asset","shellTitleLogo","Assets/Art/UI/Shell/title_logo.aseprite","title_logo","Unity 참조 확인"
"Assets/Art/Gameplay/GameplayArtCatalog.asset","shellStart","Assets/Art/UI/Shell/start.aseprite","start","Unity 참조 확인"
"Assets/Art/Gameplay/GameplayArtCatalog.asset","shellContinue","Assets/Art/UI/Shell/continue.aseprite","continue","Unity 참조 확인"
"Assets/Art/Gameplay/GameplayArtCatalog.asset","shellResume","Assets/Art/UI/Shell/resume.aseprite","resume","Unity 참조 확인"
"Assets/Art/Gameplay/GameplayArtCatalog.asset","shellSave","Assets/Art/UI/Shell/save.aseprite","save","Unity 참조 확인"
"Assets/Art/Gameplay/GameplayArtCatalog.asset","shellSettings","Assets/Art/UI/Shell/setting.aseprite","setting","Unity 참조 확인"
"Assets/Art/Gameplay/GameplayArtCatalog.asset","shellLeave","Assets/Art/UI/Shell/leave.aseprite","leave","Unity 참조 확인"
"Assets/Art/Gameplay/GameplayArtCatalog.asset","shellReturnTitle","Assets/Art/UI/Shell/return_title.aseprite","return_title","Unity 참조 확인"
"Assets/Art/Gameplay/GameplayArtCatalog.asset","shellApply","Assets/Art/UI/Shell/apply.aseprite","apply","Unity 참조 확인"
"Assets/Art/Gameplay/GameplayArtCatalog.asset","shellBack","Assets/Art/UI/Shell/back.aseprite","back","Unity 참조 확인"
"Assets/Art/Gameplay/GameplayArtCatalog.asset","shellBgmLabel","Assets/Art/UI/Shell/bgm_label.aseprite","bgm_label","Unity 참조 확인"
"Assets/Art/Gameplay/GameplayArtCatalog.asset","shellSfxLabel","Assets/Art/UI/Shell/sfx_label.aseprite","sfx_label","Unity 참조 확인"
"Assets/Art/Gameplay/GameplayArtCatalog.asset","shellPauseTitle","Assets/Art/UI/Shell/pause_title.aseprite","pause_title","Unity 참조 확인"
"Assets/Art/Gameplay/GameplayArtCatalog.asset","shellPauseIcon","Assets/Art/UI/Shell/pause_icon.aseprite","pause_icon","Unity 참조 확인"
"Assets/Art/Gameplay/GameplayArtCatalog.asset","shellPlayIcon","Assets/Art/UI/Shell/play_icon.aseprite","play_icon","Unity 참조 확인"
"Assets/Art/Gameplay/GameplayArtCatalog.asset","shellCheckOn","Assets/Art/UI/Shell/check_on.aseprite","check_on","Unity 참조 확인"
"Assets/Art/Gameplay/GameplayArtCatalog.asset","shellCheckOff","Assets/Art/UI/Shell/check_off.aseprite","check_off","Unity 참조 확인"
"Assets/Art/Gameplay/GameplayArtCatalog.asset","shellSpeakerHigh","Assets/Art/UI/Shell/sp1.aseprite","sp1","Unity 참조 확인"
"Assets/Art/Gameplay/GameplayArtCatalog.asset","shellSpeakerLow","Assets/Art/UI/Shell/sp2.aseprite","sp2","Unity 참조 확인"
"Assets/Art/Gameplay/GameplayArtCatalog.asset","shellSpeakerMuted","Assets/Art/UI/Shell/sp3.aseprite","sp3","Unity 참조 확인"
"Assets/Art/Gameplay/GameplayArtCatalog.asset","shellVolumeBar","Assets/Art/UI/Shell/spbar.aseprite","spbar","Unity 참조 확인"
"Assets/Art/Gameplay/GameplayArtCatalog.asset","shellVolumeHandle","Assets/Art/UI/Shell/spbar2.aseprite","spbar2","Unity 참조 확인"
"Assets/Art/Gameplay/GameplayArtCatalog.asset","shellLoadingFrames.Array.data[0]","Assets/Art/Gameplay/shell_loading_logo.png","LoadingFrame_00","Unity 참조 확인"
"Assets/Art/Gameplay/GameplayArtCatalog.asset","shellLoadingFrames.Array.data[1]","Assets/Art/Gameplay/shell_loading_logo.png","LoadingFrame_01","Unity 참조 확인"
"Assets/Art/Gameplay/GameplayArtCatalog.asset","shellLoadingFrames.Array.data[2]","Assets/Art/Gameplay/shell_loading_logo.png","LoadingFrame_02","Unity 참조 확인"
"Assets/Art/Gameplay/GameplayArtCatalog.asset","shellLoadingFrames.Array.data[3]","Assets/Art/Gameplay/shell_loading_logo.png","LoadingFrame_03","Unity 참조 확인"
"Assets/Art/Gameplay/GameplayArtCatalog.asset","shellLoadingFrames.Array.data[4]","Assets/Art/Gameplay/shell_loading_logo.png","LoadingFrame_04","Unity 참조 확인"
"Assets/Art/Gameplay/GameplayArtCatalog.asset","shellLoadingFrames.Array.data[5]","Assets/Art/Gameplay/shell_loading_logo.png","LoadingFrame_05","Unity 참조 확인"
"Assets/Art/Gameplay/GameplayArtCatalog.asset","shellLoadingFrames.Array.data[6]","Assets/Art/Gameplay/shell_loading_logo.png","LoadingFrame_06","Unity 참조 확인"
"Assets/Art/Gameplay/GameplayArtCatalog.asset","shellLoadingFrames.Array.data[7]","Assets/Art/Gameplay/shell_loading_logo.png","LoadingFrame_07","Unity 참조 확인"
"Assets/Art/Gameplay/GameplayArtCatalog.asset","shellLoadingFrames.Array.data[8]","Assets/Art/Gameplay/shell_loading_logo.png","LoadingFrame_08","Unity 참조 확인"
"Assets/Art/Gameplay/GameplayArtCatalog.asset","shellLoadingFrames.Array.data[9]","Assets/Art/Gameplay/shell_loading_logo.png","LoadingFrame_09","Unity 참조 확인"
"Assets/Art/Gameplay/GameplayArtCatalog.asset","shellLoadingFrames.Array.data[10]","Assets/Art/Gameplay/shell_loading_logo.png","LoadingFrame_10","Unity 참조 확인"
"Assets/Art/Gameplay/GameplayArtCatalog.asset","shellLoadingFrames.Array.data[11]","Assets/Art/Gameplay/shell_loading_logo.png","LoadingFrame_11","Unity 참조 확인"
"Assets/Art/Gameplay/GameplayArtCatalog.asset","shellLoadingFrames.Array.data[12]","Assets/Art/Gameplay/shell_loading_logo.png","LoadingFrame_12","Unity 참조 확인"
"Assets/Art/Gameplay/GameplayArtCatalog.asset","shellLoadingFrames.Array.data[13]","Assets/Art/Gameplay/shell_loading_logo.png","LoadingFrame_13","Unity 참조 확인"
"Assets/Art/Gameplay/GameplayArtCatalog.asset","shellLoadingFrames.Array.data[14]","Assets/Art/Gameplay/shell_loading_logo.png","LoadingFrame_14","Unity 참조 확인"
"Assets/Art/Gameplay/GameplayArtCatalog.asset","shellLoadingFrames.Array.data[15]","Assets/Art/Gameplay/shell_loading_logo.png","LoadingFrame_15","Unity 참조 확인"
"Assets/Art/Gameplay/GameplayArtCatalog.asset","shellLoadingFrames.Array.data[16]","Assets/Art/Gameplay/shell_loading_logo.png","LoadingFrame_16","Unity 참조 확인"
