source,target,sha256
새 폴더/cold_wave_battery.aseprite,Assets/Art/Buildings/cold_wave_battery.aseprite,c9dcafaa27bae60db0762ffa7f3327a77502634d5358153b4ac5e3be06527baa
새 폴더/ice_root_battery.aseprite,Assets/Art/Buildings/ice_root_battery.aseprite,c3d4bae37f21b95eac982e4b5e7dee21973939264ca69614741f356544b5ceee
새 폴더/신기전.aseprite,Assets/Art/Buildings/singijeon_cart.aseprite,035e2dd08ae7d667552922e2743149186a6a71a8adbba4ff4dcc2780fc52eff7
새 폴더/plaster_doll.aseprite,Assets/Art/Buildings/plaster_doll.aseprite,3d65b20d83484d90af74003998d914e36a468ea97357c120e822b83c84dd7185
새 폴더/jigwi_ash.aseprite,Assets/Art/Items/DeliveredFinal/jigwi_ash.aseprite,2a7acb94d0120e62e60a93c4563f1e0b28cfdecbfca64ba89d428721b75c5f75
새 폴더/jigwi_ember_mat.aseprite,Assets/Art/Items/DeliveredFinal/jigwi_ember_mat.aseprite,00d1a269c5dbc720f2425730ca87c8bcec2e1061f6622c992918772684da6b6f
새 폴더/yeongno_mask_mat.aseprite,Assets/Art/Items/DeliveredFinal/yeongno_mask_mat.aseprite,5d44dd551fbec2f0c745f6ff6808ec16fb64155906448e953acaba2195875b7b
새 폴더/singijeon_sondae.aseprite,Assets/Art/Items/DeliveredFinal/singijeon_sondae.aseprite,7e42fa6d2f867d13ab7e120fbea3fd98ad9ad881e4011212f194b8bc361237f4
새 폴더/cold_wave_singijeon.aseprite,Assets/Art/Items/DeliveredFinal/cold_wave_singijeon.aseprite,c50a556ada1f1466d503e91387a48a71502e1c4d5d4524124e2174aae811a6f8
새 폴더/석이_item.aseprite,Assets/Art/Items/DeliveredFinal/seogi.aseprite,364540fde4b89f2863d527a4a63d8b44275d57c65b0d5eb477ffd5298222d931
새 폴더/석이.aseprite,Assets/Art/Tiles/seogi.aseprite,fa447032b62f5b3e72a04860251841c78915d275b5c80eb15b9abb54df898105
새 폴더/oyster_mushroom_block.aseprite,Assets/Art/Tiles/oyster_mushroom.aseprite,f97b814b18a975b9a330682f84cedddc68082a5e9f33312c9ef6728f5044d2a3
새 폴더/shiitake_block.aseprite,Assets/Art/Tiles/shiitake.aseprite,78077cb515be57ef7e84bf478a927d853ba7b83652239a696e31a5dcc1dce74c
