ID,이름,분류,상태,현재 원본,이번 처리
wood,나무,resource,연결 확인,Assets/Art/Decorations/tree.aseprite,
hemp_stalk,삼줄기,resource,연결 확인,Assets/Art/Decorations/hemp.aseprite,
rebar,철근,resource,연결 확인,Assets/Art/Decorations/ruin_rebar.aseprite,
dirt,흙,resource,연결 확인,Assets/Art/Tiles/dirt.aseprite,
stone,돌,resource,연결 확인,Assets/Art/Tiles/stone.aseprite,
coal,석탄,resource,연결 확인,Assets/Art/Tiles/coal.aseprite,
clay,점토,resource,연결 확인,Assets/Art/Items/clay.aseprite,
iron_ore,철 광석,resource,연결 확인,Assets/Art/Tiles/iron_ore.aseprite,
copper_ore,구리 광석,resource,연결 확인,Assets/Art/Tiles/copper_ore.aseprite,
ice_shard,얼음 조각,resource,연결 확인,Assets/Art/Tiles/ice_shard.aseprite,
catnip,캣닢,resource,연결 확인,Assets/Art/Items/catnip.aseprite,
icesteel_ore,얼음강철 원석,resource,연결 확인,Assets/Art/Tiles/icesteel_ore.aseprite,
frost_essence,서리정수,resource,연결 확인,Assets/Art/Tiles/frost_essence.aseprite,
iron_ingot,철 주괴,material,연결 확인,Assets/Art/Items/iron_ingot.aseprite,
copper_ingot,구리 주괴,material,연결 확인,Assets/Art/Items/copper_ingot.aseprite,
icesteel_ingot,얼음강철 주괴,material,연결 확인,Assets/Art/Items/icesteel_ingot.aseprite,
yokai_tear,요괴 눈물,material,연결 확인,Assets/Art/UI/yokai_tear_balance.aseprite,
club_shard,도깨비 방망이 조각,material,연결 확인,Assets/Art/Items/club_shard.aseprite,
iron_scale,무쇠 비늘,material,연결 확인,Assets/Art/Items/iron_scale.aseprite,
stolen_bundle,훔친 보따리,material,연결 확인,Assets/Art/Items/stolen_bundle.aseprite,
shadow_shard,그림자 조각,material,연결 확인,Assets/Art/Items/shadow_shard.aseprite,
gangcheol_scale,강철이 역린,material,연결 확인,Assets/Art/Items/gangcheol_scale.aseprite,
dokkaebi_fire_essence,도깨비불 정수,material,연결 확인,Assets/Art/Items/dokkaebi_fire_essence.aseprite,
iron_forge_core,무쇠 용광심,material,연결 확인,Assets/Art/Items/iron_forge_core.aseprite,
yeouiju,여의주,material,연결 확인,Assets/Art/Items/yeouiju.aseprite,
drought_heart,가뭄 심장,material,연결 확인,Assets/Art/Items/drought_heart.aseprite,
bare_claw,맨발톱,tool,연결 확인,Assets/Art/Items/bare_claw.aseprite,
iron_claw,무쇠 발톱,tool,연결 확인,Assets/Art/Items/iron_claw.aseprite,
icesteel_claw,얼음강철 발톱,tool,연결 확인,Assets/Art/Items/icesteel_claw.aseprite,
dokkaebi_club,도깨비 방망이,weapon,연결 확인,Assets/Art/Items/dokkaebi_club.aseprite,
frostclaw_gauntlet,서리발톱 장갑,weapon,연결 확인,Assets/Art/Items/frostclaw_gauntlet.aseprite,
hapjukseon,합죽선,weapon,연결 확인,Assets/Art/Items/hapjukseon.aseprite,
cheolseon,철선,weapon,연결 확인,Assets/Art/Items/cheolseon.aseprite,
seolpungseon,설풍선,weapon,연결 확인,Assets/Art/Items/DeliveredFinal/seolpungseon.aseprite,
workbench,작업대,station,연결 확인,Assets/Art/Buildings/workbench.aseprite,
furnace,화로,station,연결 확인,Assets/Art/Buildings/furnace.aseprite,
blast_furnace,용광로,station,연결 확인,Assets/Art/Buildings/blast_furnace.aseprite,
ice_anvil,얼음 모루,station,연결 확인,Assets/Art/Buildings/ice_anvil.aseprite,
lantern,등불,placeable,연결 확인,Assets/Art/Buildings/lantern.aseprite,
sieve,체,placeable,연결 확인,Assets/Art/Buildings/sieve.aseprite,
haetae_statue,해태 석상,placeable,연결 확인,Assets/Art/Buildings/haetae_statue.aseprite,
nest_bed,보금자리,placeable,연결 확인,Assets/Art/Buildings/nest_bed.aseprite,
magpie_nest,까치 둥지,placeable,연결 확인,Assets/Art/Buildings/magpie_nest.aseprite,
bell_rope,방울 금줄,placeable,연결 확인,Assets/Art/Buildings/bell_rope.aseprite,
iron_bell_rope,쇠 방울 금줄,placeable,연결 확인,Assets/Art/Buildings/iron_bell_rope.aseprite,
frost_bell_rope,서리 금줄,placeable,연결 확인,Assets/Art/Items/DeliveredFinal/frost_bell_rope.aseprite,
iron_sieve,무쇠 체,placeable,연결 확인,Assets/Art/Buildings/iron_sieve.aseprite,
frost_lantern,서리 등불,placeable,연결 확인,Assets/Art/Buildings/frost_lantern.aseprite,
insul_wall,차열벽,placeable,연결 확인,Assets/Art/Buildings/insul_wall.aseprite,
door,단열 문,placeable,연결 확인,Assets/Art/Buildings/door.aseprite,
roof,차열 지붕,placeable,연결 확인,Assets/Art/Buildings/roof.aseprite,
jangdok,장독 창고,placeable,연결 확인,Assets/Art/Buildings/jangdok.aseprite,
ice_core,얼음 저장고,placeable,연결 확인,Assets/Art/Buildings/ice_core.aseprite,
iron_insul_wall,무쇠 차열벽,placeable,연결 확인,Assets/Art/Buildings/iron_insul_wall.aseprite,
cold_device,냉기 장치,placeable,연결 확인,Assets/Art/Buildings/cold_device.aseprite,
dokkaebi_fire_tower,도깨비불 등탑,placeable,연결 확인,Assets/Art/Buildings/dokkaebi_fire_tower.aseprite,
singijeon_cart,신기전 화차,placeable,연결 확인,Assets/Art/Buildings/singijeon_cart.aseprite,
ice_crystal_cooler,빙정 냉각로,placeable,연결 확인,Assets/Art/Buildings/ice_crystal_cooler.aseprite,
cold_wave_core,한파 코어,placeable,연결 확인,Assets/Art/Buildings/cold_wave_core.aseprite,
water_jar,물단지,placeable,연결 확인,Assets/Art/Items/water_jar.aseprite,
ice_jar,얼음 항아리,placeable,연결 확인,Assets/Art/Buildings/ice_jar.aseprite,
straw_insul,짚 단열재,placeable,연결 확인,Assets/Art/Buildings/straw_insul.aseprite,
clay_plaster,점토 미장,placeable,연결 확인,Assets/Art/Buildings/clay_plaster.aseprite,
munpungji,문풍지,placeable,연결 확인,Assets/Art/Buildings/munpungji.aseprite,
minhwa_scroll,민화 족자,placeable,연결 확인,Assets/Art/Buildings/minhwa_scroll.aseprite,
saekdong_lantern,색동 등롱,placeable,연결 확인,Assets/Art/Buildings/saekdong_lantern.aseprite,
onggi_pot,옹기 화분,placeable,연결 확인,Assets/Art/Buildings/onggi_pot.aseprite,
wind_chime,풍경,placeable,연결 확인,Assets/Art/Buildings/wind_chime.aseprite,
saekdong_cushion,색동 방석,placeable,연결 확인,Assets/Art/Buildings/saekdong_cushion.aseprite,
ssireum_satba,씨름 샅바,summon,연결 확인,Assets/Art/Items/ssireum_satba.aseprite,
iron_bait_pile,무쇠 미끼 더미,summon,연결 확인,Assets/Art/Items/iron_bait_pile.aseprite,
ice_altar_offering,얼음 제단 봉헌,summon,연결 확인,Assets/Art/Items/ice_altar_offering.aseprite,
straw_helm,짚 투구,equipment,연결 확인,Assets/Art/Items/straw_helm.aseprite,
straw_armor,짚 갑옷,equipment,연결 확인,Assets/Art/Items/straw_armor.aseprite,
straw_boots,짚 신발,equipment,연결 확인,Assets/Art/Items/straw_boots.aseprite,
iron_helm,무쇠 투구,equipment,연결 확인,Assets/Art/Items/iron_helm.aseprite,
iron_armor,무쇠 갑옷,equipment,연결 확인,Assets/Art/Items/iron_armor.aseprite,
iron_boots,무쇠 신발,equipment,연결 확인,Assets/Art/Items/iron_boots.aseprite,
icesteel_helm,얼음강철 투구,equipment,연결 확인,Assets/Art/Items/icesteel_helm.aseprite,
icesteel_armor,얼음강철 갑옷,equipment,연결 확인,Assets/Art/Items/icesteel_armor.aseprite,
icesteel_boots,얼음강철 신발,equipment,연결 확인,Assets/Art/Items/icesteel_boots.aseprite,
bell_norigae,방울 노리개,equipment,연결 확인,Assets/Art/Items/bell_norigae.aseprite,
wind_daenggi,바람 댕기,equipment,연결 확인,Assets/Art/Items/wind_daenggi.aseprite,
tiger_eye_bead,호랑이 눈 구슬,equipment,연결 확인,Assets/Art/Items/tiger_eye_bead.aseprite,
ice_heart_norigae,얼음 심장 노리개,equipment,연결 확인,Assets/Art/Items/ice_heart_norigae.aseprite,
bokjumeoni,복주머니,equipment,연결 확인,Assets/Art/Items/bokjumeoni.aseprite,
dokkaebi_gamtu,도깨비 감투,equipment,연결 확인,Assets/Art/Items/dokkaebi_gamtu.aseprite,
wallpaper,벽지,placeable,연결 확인,Assets/Art/Tiles/t_bg_dirt.aseprite,
smithy,대장간,station,연결 확인,Assets/Art/Items/DeliveredFinal/smithy.aseprite,
seonge_helm,성에 투구,armor,연결 확인,Assets/Art/Items/DeliveredFinal/seonge_helm.aseprite,
seonge_armor,성에 갑옷,armor,연결 확인,Assets/Art/Items/DeliveredFinal/seonge_armor.aseprite,
seonge_boots,성에 신발,armor,연결 확인,Assets/Art/Items/DeliveredFinal/seonge_boots.aseprite,
ice_root_helm,얼음뿌리 투구,armor,연결 확인,Assets/Art/Items/DeliveredFinal/ice_root_helm.aseprite,
ice_root_armor,얼음뿌리 갑옷,armor,연결 확인,Assets/Art/Items/DeliveredFinal/ice_root_armor.aseprite,
ice_root_boots,얼음뿌리 신발,armor,연결 확인,Assets/Art/Items/DeliveredFinal/ice_root_boots.aseprite,
cold_wave_helm,한파 투구,armor,연결 확인,Assets/Art/Items/DeliveredFinal/cold_wave_helm.aseprite,
cold_wave_armor,한파 갑옷,armor,연결 확인,Assets/Art/Items/DeliveredFinal/cold_wave_armor.aseprite,
cold_wave_boots,한파 신발,armor,연결 확인,Assets/Art/Items/DeliveredFinal/cold_wave_boots.aseprite,
straw_sling,짚 투석기,weapon,연결 확인,Assets/Art/Items/DeliveredFinal/straw_sling.aseprite,
gakgung,각궁,weapon,연결 확인,Assets/Art/Items/DeliveredFinal/gakgung.aseprite,
singijeon_sondae,신기전 손대,weapon,연결 확인,Assets/Art/Items/DeliveredFinal/singijeon_sondae.aseprite,10-4 납품 원본 적용
seonge_gakgung,성에 각궁,weapon,연결 확인,Assets/Art/Items/DeliveredFinal/seonge_gakgung.aseprite,
ice_root_bow,도관 노,weapon,연결 확인,Assets/Art/Items/DeliveredFinal/ice_root_bow.aseprite,
cold_wave_singijeon,한파 신기전,weapon,연결 확인,Assets/Art/Items/DeliveredFinal/cold_wave_singijeon.aseprite,10-4 납품 원본 적용
seonge_fan,서리 부채,weapon,연결 확인,Assets/Art/Items/DeliveredFinal/seonge_fan.aseprite,
ice_root_whipfan,얼음뿌리 채찍선,weapon,연결 확인,Assets/Art/Items/DeliveredFinal/ice_root_whipfan.aseprite,
cold_wave_fan,한파 부채,weapon,연결 확인,Assets/Art/Items/DeliveredFinal/cold_wave_fan.aseprite,
sangun_claw,산군 발톱,weapon,연결 확인,Assets/Art/Items/DeliveredFinal/sangun_claw.aseprite,
perfect_claw,완전체 발톱,weapon,연결 확인,Assets/Art/Items/DeliveredFinal/perfect_claw.aseprite,
seonge_tower,성에 등탑,placeable,연결 확인,Assets/Art/Items/DeliveredFinal/seonge_tower.aseprite,
cold_wave_tower,한파 등탑,placeable,연결 확인,Assets/Art/Items/DeliveredFinal/cold_wave_tower.aseprite,
ice_root_battery,도관 포대,placeable,연결 확인,Assets/Art/Buildings/ice_root_battery.aseprite,10-4 납품 원본 적용 · 동일 대상 설치물 원본 공유
cold_wave_battery,한파 포대,placeable,연결 확인,Assets/Art/Buildings/cold_wave_battery.aseprite,10-4 납품 원본 적용 · 동일 대상 설치물 원본 공유
scarecrow,허수아비,placeable,연결 확인,Assets/Art/Items/DeliveredFinal/scarecrow.aseprite,
ice_trap,얼음 함정,placeable,연결 확인,Assets/Art/Items/DeliveredFinal/ice_trap.aseprite,
arrow_supply,화살 보급대,placeable,연결 확인,Assets/Art/Items/DeliveredFinal/arrow_supply.aseprite,
plaster_doll,미장이 인형,placeable,연결 확인,Assets/Art/Buildings/plaster_doll.aseprite,10-4 납품 원본 적용 · 동일 대상 설치물 원본 공유
gong_tower,징 울림대,placeable,연결 확인,Assets/Art/Items/DeliveredFinal/gong_tower.aseprite,
first_frost_claw,첫서리 발톱,weapon,연결 확인,Assets/Art/Items/DeliveredFinal/first_frost_claw.aseprite,
baekjung_bundle,백중 보따리,weapon,연결 확인,Assets/Art/Items/DeliveredFinal/baekjung_bundle.aseprite,
yeouiju_claw,여의주 발톱,weapon,연결 확인,Assets/Art/Items/DeliveredFinal/yeouiju_claw.aseprite,
jigwi_ash,지귀의 재,weapon,연결 확인,Assets/Art/Items/DeliveredFinal/jigwi_ash.aseprite,10-4 납품 원본 적용
sangun_whisker,산군의 수염,weapon,연결 확인,Assets/Art/Items/DeliveredFinal/sangun_whisker.aseprite,
yeongno_tooth,영노의 이빨,weapon,연결 확인,Assets/Art/Items/DeliveredFinal/yeongno_tooth.aseprite,
seonge_ore,성에 광석,resource,연결 확인,Assets/Art/Tiles/seonge_ore.aseprite,전용 광석 그림 추가
seonge_ingot,성에 주괴,material,연결 확인,Assets/Art/Items/DeliveredFinal/seonge_ingot.aseprite,
ice_root,얼음뿌리,resource,연결 확인,Assets/Art/Items/DeliveredFinal/ice_root.aseprite,
ice_root_bundle,얼음뿌리 다발,material,연결 확인,Assets/Art/Items/DeliveredFinal/ice_root_bundle.aseprite,
cold_wave_ore,한파석,resource,연결 확인,Assets/Art/Items/DeliveredFinal/cold_wave_ore.aseprite,
cold_wave_ingot,한파석 주괴,material,연결 확인,Assets/Art/Items/DeliveredFinal/cold_wave_ingot.aseprite,
jigwi_ember_mat,지귀의 잉걸,material,연결 확인,Assets/Art/Items/DeliveredFinal/jigwi_ember_mat.aseprite,10-4 납품 원본 적용
blaze_yeokrin,불볕 역린,material,연결 확인,Assets/Art/Items/DeliveredFinal/blaze_yeokrin.aseprite,
sangun_talon,산군의 발톱,material,연결 확인,Assets/Art/Items/DeliveredFinal/sangun_talon.aseprite,
three_horn_mat,세 갈래 뿔,material,연결 확인,Assets/Art/Items/DeliveredFinal/three_horn_mat.aseprite,
eop_scale_mat,업의 비늘,material,연결 확인,Assets/Art/Items/DeliveredFinal/eop_scale_mat.aseprite,
yeongno_mask_mat,영노의 탈,material,연결 확인,Assets/Art/Items/DeliveredFinal/yeongno_mask_mat.aseprite,10-4 납품 원본 적용
perfect_heart,완전체 심장,material,연결 확인,Assets/Art/Items/DeliveredFinal/perfect_heart.aseprite,
ssireum_knot,씨름 샅바 매듭,equipment,미제공,,잘못된 연결 해제
iron_appetite,무쇠 식성,equipment,미제공,,잘못된 연결 해제
yeouiju_shard,여의주 파편,equipment,미제공,,잘못된 연결 해제
jigwi_ember,지귀의 잉걸,equipment,연결 확인,Assets/Art/Items/DeliveredFinal/jigwi_ember_mat.aseprite,10-4 납품 원본 적용
drought_heart_shard,가뭄 심장 조각,equipment,미제공,,잘못된 연결 해제
tiger_gait,산군 걸음,equipment,미제공,,잘못된 연결 해제
three_horn,세 갈래 뿔,equipment,연결 확인,Assets/Art/Items/DeliveredFinal/three_horn_mat.aseprite,동일 대상 재료 그림으로 수정
eop_scale,업의 비늘,equipment,연결 확인,Assets/Art/Items/DeliveredFinal/eop_scale_mat.aseprite,동일 대상 재료 그림으로 수정
yeongno_mask,영노의 탈,equipment,연결 확인,Assets/Art/Items/DeliveredFinal/yeongno_mask_mat.aseprite,10-4 납품 원본 적용
perfect_core,완전체 핵,equipment,미제공,,잘못된 연결 해제
clay_hand,옹기장이 손,equipment,미제공,,잘못된 연결 해제
skate_pad,살얼음 발판,equipment,미제공,,잘못된 연결 해제
magpie_bell,까치 방울,equipment,미제공,,잘못된 연결 해제
old_key,옛 열쇠,equipment,미제공,,잘못된 연결 해제
minhwa_ink,민화 먹,equipment,미제공,,잘못된 연결 해제
vault_seal,창고 봉인,equipment,미제공,,잘못된 연결 해제
gate_mark,빙암 표식,equipment,미제공,,잘못된 연결 해제
dry_trace,마른 궤적,equipment,미제공,,잘못된 연결 해제
altar_echo,제단 메아리,equipment,미제공,,잘못된 연결 해제
frost_map,서리 지도,equipment,미제공,,잘못된 연결 해제
jigwi_summon,불씨 항아리,summon,연결 확인,Assets/Art/Items/DeliveredFinal/jigwi_summon.aseprite,
samdugumi_summon,세 갈래 매듭,summon,연결 확인,Assets/Art/Items/DeliveredFinal/samdugumi_summon.aseprite,
eop_summon,업단지,summon,연결 확인,Assets/Art/Items/DeliveredFinal/eop_summon.aseprite,
jukbuin,죽부인,placeable,연결 확인,Assets/Art/Items/jukbuin.aseprite,
daebal,대발,placeable,연결 확인,Assets/Art/Items/daebal.aseprite,
oyster_mushroom,느타리,material,연결 확인,Assets/Art/Items/DeliveredFinal/oyster_mushroom.aseprite,
shiitake,표고,material,연결 확인,Assets/Art/Items/DeliveredFinal/shiitake.aseprite,
seogi,석이(石茸),material,연결 확인,Assets/Art/Items/DeliveredFinal/seogi.aseprite,10-4 납품 원본 적용
tal_frost,한기부,talisman,연결 확인,Assets/Art/Items/DeliveredFinal/tal_frost.aseprite,
tal_hide,은신부,talisman,연결 확인,Assets/Art/Items/DeliveredFinal/tal_hide.aseprite,
tal_return,귀환부,talisman,연결 확인,Assets/Art/Items/DeliveredFinal/tal_return.aseprite,
tal_stride,축지부,talisman,연결 확인,Assets/Art/Items/DeliveredFinal/tal_stride.aseprite,
tal_waypoint,이정표 부적,talisman,연결 확인,Assets/Art/Items/DeliveredFinal/tal_waypoint.aseprite,
