범위,아이템 ID,이름,납품 원본 경로,프로젝트 경로,Sprite 이름,원본 SHA256
A,oyster_mushroom,느타리,본선/Item/버섯/oyster_mushroom.aseprite,Assets/Art/Items/DeliveredFinal/oyster_mushroom.aseprite,oyster_mushroom,2d138dc871d7790ec9994add6b8f70d2a72add6737d16ae659c041dd2874dd82
A,shiitake,표고,본선/Item/버섯/shiitake.aseprite,Assets/Art/Items/DeliveredFinal/shiitake.aseprite,shiitake,3fd44fef7432a8eae510393ca4152d214aa132e0a7570922f1f7caad84aefdac
A,smithy,대장간,본선/Object/craftingbox/smithy_icon.aseprite,Assets/Art/Items/DeliveredFinal/smithy.aseprite,smithy,d4e8937ece029c87caeaa1d172adce366d4f811f092ecacb093a845f467db314
A,tal_frost,한기부,본선/Item/부적/tal_frost.aseprite,Assets/Art/Items/DeliveredFinal/tal_frost.aseprite,tal_frost,a789c17b59589de4c5626ff30095f02a0150c49074268e282444580e5a11d4cd
A,tal_hide,은신부,본선/Item/부적/tal_hide.aseprite,Assets/Art/Items/DeliveredFinal/tal_hide.aseprite,tal_hide,0893f7142b540f5a1ac87927f30d5ea6517ceecc29d66ff5e37e15c8aacd851e
A,tal_return,귀환부,본선/Item/부적/tal_return.aseprite,Assets/Art/Items/DeliveredFinal/tal_return.aseprite,tal_return,c6b240fbb0d5d34cace924148879590f13fbbcf76439c9a9b97a833b92e193c3
A,tal_stride,축지부,본선/Item/부적/tal_stride.aseprite,Assets/Art/Items/DeliveredFinal/tal_stride.aseprite,tal_stride,aa6f0c50257b8fe7b5c84feb426189c47041460ae10624404d7545c7747f12b4
A,tal_waypoint,이정표 부적,본선/Item/부적/tal_waypoint2.aseprite,Assets/Art/Items/DeliveredFinal/tal_waypoint.aseprite,tal_waypoint,51a689c6fccb7ddb7501e9c92efedff7b8794bcb12ecaf5382175d115979710f
B,cold_wave_armor,한파 갑옷,본선/Armor/cold_wave/armor_cold_wave.aseprite,Assets/Art/Items/DeliveredFinal/cold_wave_armor.aseprite,cold_wave_armor,6f23b7c318e38de2984d75831733863db1d6bfadbf67a6aabcbc2f70079d8ebf
B,cold_wave_boots,한파 신발,본선/Armor/cold_wave/boots_cold_wave.aseprite,Assets/Art/Items/DeliveredFinal/cold_wave_boots.aseprite,cold_wave_boots,5a9bd7fdeb2831a7cf9201f9613742a66438bfb5d72ac7e12bb88190b478f150
B,cold_wave_helm,한파 투구,본선/Armor/cold_wave/helm_cold_wave.aseprite,Assets/Art/Items/DeliveredFinal/cold_wave_helm.aseprite,cold_wave_helm,ba80a28920255ba79255b271960183653937671a6309bf283dad145296b4b089
B,ice_root_armor,얼음뿌리 갑옷,본선/Armor/ice_root/armor_ice_root.aseprite,Assets/Art/Items/DeliveredFinal/ice_root_armor.aseprite,ice_root_armor,9941a3e5b09da1ff66fc6391d0111127df217f773ce5087e59c9bbfabc03ce2b
B,ice_root_boots,얼음뿌리 신발,본선/Armor/ice_root/boots_ice_root.aseprite,Assets/Art/Items/DeliveredFinal/ice_root_boots.aseprite,ice_root_boots,d51d12d850eef5735db3f8aa087aa94fd60946b920a031c8c3eaa267926ea207
B,ice_root_helm,얼음뿌리 투구,본선/Armor/ice_root/helm_ice_root.aseprite,Assets/Art/Items/DeliveredFinal/ice_root_helm.aseprite,ice_root_helm,361266fa282523a89a9e8e3160e00a8bb0c3428c61887e5793b30456ed94a2bf
B,seonge_armor,성에 갑옷,본선/Armor/seonge/armor_seonge.aseprite,Assets/Art/Items/DeliveredFinal/seonge_armor.aseprite,seonge_armor,c7836150116d3e43a6b65fb769022219e62c25c4cb94fdf1d3fd66bbed27d1cf
B,seonge_boots,성에 신발,본선/Armor/seonge/boots_seonge.aseprite,Assets/Art/Items/DeliveredFinal/seonge_boots.aseprite,seonge_boots,5e15b7be272a2e131c3ce4382668624fa38e4e18198ba876f5e6e2d1ed86f991
B,seonge_helm,성에 투구,본선/Armor/seonge/helm_seonge.aseprite,Assets/Art/Items/DeliveredFinal/seonge_helm.aseprite,seonge_helm,0277af8b96c889f8ab2db18d01b764d66f0c0960c3543cf67c69b8195793e4d5
B,blaze_yeokrin,불볕 역린,본선/Item/blaze_yeokrin.aseprite,Assets/Art/Items/DeliveredFinal/blaze_yeokrin.aseprite,blaze_yeokrin,e93ef56de190500bdde91d4d7ccbcff848d56cc0412646b715037459f5e04c6c
B,cold_wave_ingot,한파석 주괴,본선/Item/ingot_cold_wave.aseprite,Assets/Art/Items/DeliveredFinal/cold_wave_ingot.aseprite,cold_wave_ingot,acbf634cb0fe458131e45ccfe09d69c7ef1023c61c87a99178883b0b0caed242
B,eop_scale_mat,업의 비늘,본선/Item/eop_scale_mat.aseprite,Assets/Art/Items/DeliveredFinal/eop_scale_mat.aseprite,eop_scale_mat,36d167367c41184b40244464e70f73ea1c49b0fa2cdaa9867c77ff69be014740
B,ice_root_bundle,얼음뿌리 다발,본선/Item/ice_root_bundle.aseprite,Assets/Art/Items/DeliveredFinal/ice_root_bundle.aseprite,ice_root_bundle,66bf6a8fdc0a78201b571b810b0e5b0e4ea2c1d4d8c99055ba1ab2061a31a451
B,perfect_heart,완전체 심장,본선/Item/perfect_heart.aseprite,Assets/Art/Items/DeliveredFinal/perfect_heart.aseprite,perfect_heart,4c5b53a19a775c1d3c66fe8ae0987736187e6083c41062ed1847cffabe80639b
B,sangun_talon,산군의 발톱,본선/Item/sangun_talon.aseprite,Assets/Art/Items/DeliveredFinal/sangun_talon.aseprite,sangun_talon,7660dbe1dc73a6e7744c4522ad7d9a50122d1907f82d08f39b5b5e328732077f
B,seonge_ingot,성에 주괴,본선/Item/ingot_seonge.aseprite,Assets/Art/Items/DeliveredFinal/seonge_ingot.aseprite,seonge_ingot,58ca81a159446f41900733c83b24873c017ada4d64f9a46d1804d3d1ee31b480
B,three_horn_mat,세 갈래 뿔,본선/Item/three_horn_mat.aseprite,Assets/Art/Items/DeliveredFinal/three_horn_mat.aseprite,three_horn_mat,146ef0f42d0128338ff4bdaad4d78038c97a2e37760757f780cc926a76e45f36
B,arrow_supply,화살 보급대,본선/Object/arrow/arrow_supply3.aseprite,Assets/Art/Items/DeliveredFinal/arrow_supply.aseprite,arrow_supply,fe1229f3ce936652052734a42ef88c712657371f528707cbaf03ff50c7ef3c15
B,cold_wave_tower,한파 등탑,본선/Object/tower/turret_lantern_cold_wave.aseprite,Assets/Art/Items/DeliveredFinal/cold_wave_tower.aseprite,cold_wave_tower,35ea3ba87c0d97d0755f25023c2bee443148abe9fd7136abec5a2e4ee38d828e
B,frost_bell_rope,서리 금줄,본선/Object/bell_rope/frost_bell_rope.aseprite,Assets/Art/Items/DeliveredFinal/frost_bell_rope.aseprite,frost_bell_rope,030aabb3a14c51d5e62b4ab2367dfc6ca46c28a46cf156e250f4a1cda7e76462
B,gong_tower,징 울림대,본선/Object/tower/gong_tower2.aseprite,Assets/Art/Items/DeliveredFinal/gong_tower.aseprite,gong_tower,c5a2f1aa5744c3a51185a29c7dfff1b978071006f00f938f37ccc6a8ddbaa979
B,ice_trap,얼음 함정,본선/Object/ice_trap.aseprite,Assets/Art/Items/DeliveredFinal/ice_trap.aseprite,ice_trap,6a1cdb1ef817e47b00f5aee6d21dcb17cf7ed96c8ca834728739950c788ac789
B,scarecrow,허수아비,본선/Object/scow/scarecrow2.aseprite,Assets/Art/Items/DeliveredFinal/scarecrow.aseprite,scarecrow,123267619c0177099805ad7e4a4445be5f2968f4e3278366ce96fa1234d747c4
B,seonge_tower,성에 등탑,본선/Object/tower/turret_lantern_seonge.aseprite,Assets/Art/Items/DeliveredFinal/seonge_tower.aseprite,seonge_tower,2f0904a7b64cdf62b328e51847cf33a0fd9adc11935c63c19474edcdb1eebd8b
B,cold_wave_ore,한파석,본선/Item/cold_wave_ore.aseprite,Assets/Art/Items/DeliveredFinal/cold_wave_ore.aseprite,cold_wave_ore,8a28b9d91c1346fa7b9320fa2b07cad19cba634f3dbca725d8d9669cb975df91
B,ice_root,얼음뿌리,본선/Item/ice_root.aseprite,Assets/Art/Items/DeliveredFinal/ice_root.aseprite,ice_root,0cb0f2d579e38258a7e4642427dca7055b03245889bda0d272734fd98c01caf9
B,eop_summon,업단지,본선/Item/eop_summon.aseprite,Assets/Art/Items/DeliveredFinal/eop_summon.aseprite,eop_summon,1f68ae675367979eeeb50be24a7856ccf56185c5cf8d629cccd826695223e7cd
B,jigwi_summon,불씨 항아리,본선/Item/jigwi_summon.aseprite,Assets/Art/Items/DeliveredFinal/jigwi_summon.aseprite,jigwi_summon,7ae81d3dd6218a6407d449dfaa9a7e3452465ef55301ba8a0b33f35779429688
B,samdugumi_summon,세 갈래 매듭,본선/Item/samdugumi_summon.aseprite,Assets/Art/Items/DeliveredFinal/samdugumi_summon.aseprite,samdugumi_summon,0fd10fdf04182c7a2f402a44f71f954ff100584eb7776d4d0c7516940ea8ed74
B,baekjung_bundle,백중 보따리,본선/Item/baekjung_bundle.aseprite,Assets/Art/Items/DeliveredFinal/baekjung_bundle.aseprite,baekjung_bundle,9605ddd0a451d7842ec2c1a9c3d1185d66172d8e70800ed48bc3bf64221ddaf0
B,cold_wave_fan,한파 부채,본선/Item/Weapon/fan/fan_cold_wave.aseprite,Assets/Art/Items/DeliveredFinal/cold_wave_fan.aseprite,cold_wave_fan,08f2ffd1ce44d24af9023aecfefa2e56b46ce651c765f24fcb928f327cb3b939
B,first_frost_claw,첫서리 발톱,본선/Item/Weapon/claw/first_frost_claw.aseprite,Assets/Art/Items/DeliveredFinal/first_frost_claw.aseprite,first_frost_claw,ec04277307b698adef108f4d7e0cc19e2258f5f0ff4f4259de8948db9bcfd2ab
B,gakgung,각궁,본선/Item/Weapon/gakgung.aseprite,Assets/Art/Items/DeliveredFinal/gakgung.aseprite,gakgung,61e334202048339546f2ca2845ba38cccaa1d521c267c8a1b10a76934c40f68e
B,ice_root_bow,도관 노,본선/Item/Weapon/ice_root_bow.aseprite,Assets/Art/Items/DeliveredFinal/ice_root_bow.aseprite,ice_root_bow,aa48951afceee7f2880c2470931c06e0e54debe4c6b0e3340f2628c7036f7a51
B,ice_root_whipfan,얼음뿌리 채찍선,본선/Item/Weapon/whipfan_ice_roots.aseprite,Assets/Art/Items/DeliveredFinal/ice_root_whipfan.aseprite,ice_root_whipfan,c47fd644235f85290b6e28c08ef1723cbac336bae9dc11c89727da91de7e198b
B,jigwi_ash,지귀의 재,본선/Item/jigwi_ash.aseprite,Assets/Art/Items/DeliveredFinal/jigwi_ash.aseprite,jigwi_ash,00d1a269c5dbc720f2425730ca87c8bcec2e1061f6622c992918772684da6b6f
B,perfect_claw,완전체 발톱,본선/Item/Weapon/claw/perfect_claw.aseprite,Assets/Art/Items/DeliveredFinal/perfect_claw.aseprite,perfect_claw,968045aa9685ba96fd595d1ddac9eae463feb86bf5de573d39efeb999e76e2ce
B,sangun_claw,산군 발톱,본선/Item/Weapon/claw/sangun_claw.aseprite,Assets/Art/Items/DeliveredFinal/sangun_claw.aseprite,sangun_claw,c826d801fddeee0b14c202ad6ca7b46bca774f76c16ea029370c66ec9d54297e
B,sangun_whisker,산군의 수염,본선/Item/sangun_whisker.aseprite,Assets/Art/Items/DeliveredFinal/sangun_whisker.aseprite,sangun_whisker,4c3ee1bec98911612dc4dfb0ff5e40a34a2f79b79cc209788955b32eeb59735d
B,seolpungseon,설풍선,본선/Item/Weapon/fan/fan_seolpungseon.aseprite,Assets/Art/Items/DeliveredFinal/seolpungseon.aseprite,Frame_0,9d9a113016e04cfd25f7e91ad56bef5ffa52fae46a0702b08dda6a4e7191d0d6
B,seonge_fan,서리 부채,본선/Item/Weapon/fan/fan_seonge.aseprite,Assets/Art/Items/DeliveredFinal/seonge_fan.aseprite,seonge_fan,ec71be4d74821fe95ae2741fbb5e27a0e7dc1bca07ae261647065b0870c03046
B,seonge_gakgung,성에 각궁,본선/Item/Weapon/seonge_gakgung.aseprite,Assets/Art/Items/DeliveredFinal/seonge_gakgung.aseprite,seonge_gakgung,2fcc6d149aa2b3f9e37fdb8b05febf567033dd3609a51e9c03a30df9cc7a0969
B,straw_sling,짚 투석기,본선/Item/Weapon/straw_sling.aseprite,Assets/Art/Items/DeliveredFinal/straw_sling.aseprite,straw_sling,e5c8e9aa4f78feb1dde2b4a426269ecba6351db6849b0b7e4835ca180daca46b
B,yeongno_tooth,영노의 이빨,본선/Item/yeongno_tooth.aseprite,Assets/Art/Items/DeliveredFinal/yeongno_tooth.aseprite,yeongno_tooth,696dabf24e8f8545f2949bec7f6295e654e1b599806262c908f4eef2da2e6f43
B,yeouiju_claw,여의주 발톱,본선/Item/yeoiju_claw.aseprite,Assets/Art/Items/DeliveredFinal/yeouiju_claw.aseprite,yeouiju_claw,c7a8b1b782d8bd6ca1a04d5a55a8abe3ac931d570a4555d7cc0ac2a66c986d6e
